timestamp,TMP__abs_diff_mean__w=365D_6h,TMP__diff_std__w=365D_6h,TMP__entropy__w=365D_6h,TMP__kurtosis__w=365D_6h,TMP__max__w=365D_6h,TMP__mean__w=365D_6h,TMP__mediam__w=365D_6h,TMP__median_abs_deviation__w=365D_6h,TMP__min__w=365D_6h,TMP__skew__w=365D_6h,TMP__slope__w=365D_6h,TMP__std__w=365D_6h,TMP__sum__w=365D_6h,TMP__var__w=365D_6h
1991-01-01,20010.51875,25890.196055586697,2.5531938716403655,-0.19756473427507837,143879.157,108869.11192307693,103160.956,9471.395000000004,77316.958,0.3223300266321352,-0.08086612783229714,16740.591486621237,1415298.455,280247403.3219354
1991-02-01,18997.79018181818,25300.84863057309,2.472956279532172,0.08586345760337544,143879.157,107538.19675,103043.20800000001,7497.385500000011,77316.958,0.5152168151379903,0.22473366056224775,16750.343161431665,1290458.361,280573996.02572054
1991-03-01,21011.58472727273,26751.338891896314,2.46921021473162,-0.31451322882087185,143879.157,105749.30241666666,103043.20800000001,9682.951500000003,75728.322,0.26647759719459757,-0.267470462991869,18756.177078382298,1268991.629,351794178.5956335
1991-04-01,16438.078818181817,21679.424325275028,2.4706508149491806,0.4926560960643429,143879.157,102632.20199999999,102319.992,8230.770499999999,75728.322,0.6069471637305692,0.20024881216873536,17498.948829545756,1231586.424,306213210.1390608
1991-05-01,14391.192454545451,20266.165130079964,2.4728753564147667,0.944156805262991,143879.157,103645.06708333333,102319.992,8230.770499999999,75728.322,0.8297938804249697,-0.13270153293267267,16316.133400384038,1243740.805,266216209.13912758
1991-06-01,14426.78109090909,20271.58479293615,2.472051581786615,0.8070448036106654,143879.157,102556.51325,99558.304,8897.678500000002,75728.322,0.91921380932099,-0.12462562712860363,16742.300171090068,1230678.159,280304615.0188826
1991-07-01,15561.888818181818,20929.934217584694,2.471995404343188,0.6548489036605041,143879.157,102988.38083333334,99558.304,9004.7805,75728.322,0.8335984889780194,0.10991332587914646,16812.938262134932,1235860.57,282674893.0063608
1991-08-01,15507.085,20905.714513589915,2.4716347672428043,0.10899317364708194,143879.157,104704.5915,104804.0955,12598.512499999997,75728.322,0.5362422343508944,0.09363797969717715,17201.730673321214,1256455.098,295899538.15747994
1991-09-01,17343.08027272727,22289.45890910972,2.4708963443232665,0.08672602177804478,143879.157,103348.57933333334,98546.69,9318.265999999996,75728.322,0.703585917034286,-0.09922872961584141,17535.026283364135,1240182.952,307477146.7582711
1991-10-01,14432.635909090908,18186.541009746375,2.4708977027451495,0.08627198194147834,143879.157,103353.30783333334,98575.061,9318.265999999996,75728.322,0.7028359013034771,-0.29266150760113224,17534.592651180083,1240239.694,307461939.4428185
1991-11-01,16712.20725,20328.755938281272,2.5438757112180226,0.057685005272316126,143879.157,100017.18984615385,95378.856,12729.015,59983.774,0.16853078053159132,-0.5830961533921136,20429.567291470717,1300223.4679999999,417367219.71673024
1991-12-01,19368.09481818182,24516.25668520878,2.471082965880316,0.10833709453244689,117996.612,94943.57874999999,94089.2215,7606.775500000003,59983.774,-0.6204855830327297,-0.11437586443490637,15407.486326791257,1139322.9449999998,237390634.91025952
1992-01-01,18938.47841666667,23746.75331236363,2.5518789492156344,0.1617375653538673,117996.612,94363.92115384614,92799.587,8821.141000000003,59983.774,-0.5218054237594729,-0.2382394563223581,14938.60274542388,1226730.9749999999,223161851.98558584
1992-02-01,17113.209454545457,21938.945179463983,2.472503891590735,0.4074806841198306,117996.612,92665.518,92210.554,7106.349000000002,59983.774,-0.5290237950077136,0.1542317021100771,14291.928506519173,1111986.2159999998,204259220.43545535
1992-03-01,15591.24963636364,21158.297920421846,2.473220248420513,0.6515996593036832,117996.612,92433.06683333333,90859.9155,6701.033499999998,59983.774,-0.4230939428581153,-0.1172397674571547,13877.392448589411,1109196.8020000001,192582021.17216644
1992-04-01,15906.479727272728,21256.493441617706,2.473115958013839,0.5758442003567152,117996.612,92092.73158333334,89784.8245,5625.942499999997,59983.774,-0.34793743572391617,-0.008447118467736452,13914.260692303402,1105112.779,193606650.61337957
1992-05-01,16967.121818181815,21540.70315523989,2.471783600660272,-0.0029525301308299667,117996.612,91005.2475,89406.937,9850.4715,59983.774,-0.18184265621375095,-0.15179840776147743,14571.099271537561,1092062.97,212316933.98100245
1992-06-01,16510.39790909091,21177.85012648276,2.4717667115177555,-0.009696771149470873,117996.612,90947.64900000002,89061.34599999999,9850.4715,59983.774,-0.16989655230025183,-0.17298225214332452,14575.935781946031,1091371.7880000002,212457903.91941467
1992-07-01,16288.464,20900.031817042247,2.472741531629478,0.4658661234322574,117996.612,88768.63141666667,88061.79699999999,6122.074499999988,59983.774,0.09324120873068738,-0.3054066670998994,13780.506046181392,1065223.577,189902346.8888419
1992-08-01,15279.801300000001,20537.78036209595,2.3892804591335244,0.6049592971592235,101771.266,86111.54227272728,87408.03,5448.369999999995,59983.774,-0.7446221906070313,-0.10545405593081117,11065.474412781514,947226.9650000002,122444723.9799224
1992-09-01,13978.284727272729,19582.005261252325,2.4768320253419693,0.6879260011248873,101771.266,85685.29216666667,86903.00450000001,4963.2820000000065,59983.774,-0.6468424626815932,-0.11596598576441441,10688.291615767179,1028223.5060000002,114239577.66367899
1992-10-01,10839.410199999998,15496.335150272895,2.3903530167572526,0.6521652546276115,101620.728,82659.73209090909,81959.66,5538.130000000005,59983.774,-0.44917335533037617,0.2407744467695548,10013.389002831591,909257.0530000001,100267959.32202864
1992-11-01,10598.964090909089,14902.066717131998,2.477992635512812,0.9835364999442087,101620.728,82656.49083333334,82290.2485,5493.25,59983.774,-0.4681311332967866,0.37738644120658366,9587.096098842982,991877.8900000001,91912411.60845031
1992-12-01,6340.8485999999975,7451.859308823954,2.3963183529194603,-0.9637087449222252,89407.128,82747.69927272727,81959.66,4438.319000000003,74426.334,-0.18235852202176087,-0.08530939319877127,4636.623834536997,910224.692,21498280.58299656
1993-01-01,6397.446363636362,7442.687071033591,2.483372437002871,-0.9252593986717601,89407.128,83094.95166666668,82290.2485,4366.105000000003,74426.334,-0.337813087885546,-0.005643669122848279,4586.194901783309,997139.42,21033183.67714322
1993-02-01,7310.942545454544,8093.316156434212,2.483204643398651,-1.1446289449475853,89407.128,82132.30075000001,81939.7225,4716.631000000001,74426.334,-0.0345228159302389,-0.12201396516462507,4787.783486710441,985587.609,22922870.71561719
1993-03-01,7398.193545454545,8338.593965269534,2.482872423509344,-1.1715208640436596,89407.128,81178.08966666668,81478.1005,5246.599000000002,73496.572,0.10014179512774402,-0.06024765846047035,5180.221933880911,974137.0760000001,26834699.284260884
1993-04-01,6928.459999999999,7991.375275959006,2.5630713777180487,-1.0237634085385803,89407.128,81211.25723076923,81609.268,5187.737999999998,73496.572,0.08421010654181965,-0.08010202133190521,4978.322277104207,1055746.344,24783692.694712017
1993-05-01,5654.634999999998,6440.077203920462,2.483277839644839,-0.7320417144711153,89407.128,80656.61841666666,81302.9045,3050.243999999999,73496.572,0.15938457626961539,-0.13574932191088832,4607.716065727962,967879.4210000001,21231047.34236757
1993-06-01,5654.634999999998,6440.077203920462,2.483277839644839,-0.7320417144711153,89407.128,80656.61841666666,81302.9045,3050.243999999999,73496.572,0.15938457626961539,-0.13574932191088832,4607.716065727962,967879.4210000001,21231047.34236757
1993-07-01,5560.0985,6349.32455535036,2.563763990357479,-1.0114811582313876,86914.728,79733.3553076923,80996.541,2374.118000000002,73496.572,-0.0693170545246814,-0.07725005203779525,3878.538079255268,1036533.6190000001,15043057.632233143
1993-08-01,5978.005727272727,6630.23489541322,2.483654484112993,-1.070103541586505,86914.728,79547.82991666665,80473.9225,3050.243999999999,73496.572,0.0558944722622104,-0.06627775623159018,3981.1041243547934,954573.959,15849190.048954746
1993-09-01,5983.345272727273,6615.2748296167065,2.483622990894966,-1.1579496921218784,86914.728,79652.886,80780.286,3050.243999999999,73496.572,-0.003041454535482332,0.10521652188323563,4034.2268727287355,955834.632,16274986.460646674
1993-10-01,5835.33381818182,6456.545575883863,2.4837040665768315,-1.0999116719948436,86914.728,79758.26125,80780.286,3050.243999999999,73496.572,0.02806007882031028,-0.08387714590690966,3910.962974742776,957099.135,15295631.389808863
1993-11-01,5984.214181818184,6566.777275647887,2.4837573406190474,-0.9136642466677718,86914.728,79539.696,79974.679,3050.243999999999,73496.572,0.16702373152741,0.0005847309257144824,3817.0395170218862,954476.352,14569790.674506674
1993-12-01,5356.371454545457,6190.791154804622,2.4837568391234393,-0.9174074457435522,86914.728,79548.35466666667,80026.631,3050.243999999999,73496.572,0.1601843531602132,-0.07892241232118916,3818.0811050890775,954580.2559999999,14577743.325038232
1994-01-01,4486.996727272729,5266.907471104879,2.4841287397232334,-1.3053333210862936,83370.659,78852.11241666667,79278.9375,3066.1965000000055,73496.572,-0.132594249494868,0.035641138401585754,3106.842225587569,946225.349,9652468.614693917
1994-02-01,4372.072727272729,5222.407196125977,2.4841793601409496,-1.124430721269381,83370.659,78986.12233333333,79278.9375,2654.303500000002,73496.572,-0.2057133323563159,0.053985728749362666,3007.8322752257245,947833.468,9047054.99588956
1994-03-01,3947.808727272728,4701.466185240061,2.484329529629175,-1.0618789778362419,84432.912,79440.52041666667,79278.9375,2169.548499999997,75628.272,0.2268092390984508,0.03459955062947018,2701.897179818792,953286.2450000001,7300248.370312744
1994-04-01,3947.808727272728,4701.466185240061,2.484329529629175,-1.0618789778362419,84432.912,79440.52041666667,79278.9375,2169.548499999997,75628.272,0.2268092390984508,0.03459955062947018,2701.897179818792,953286.2450000001,7300248.370312744
1994-05-01,4466.200500000002,5274.699375532196,2.5643389841042477,-1.0401568239415562,84432.912,79121.03246153846,78559.821,2729.3740000000107,75607.25,0.324027116927358,0.0520126194621726,2769.1172013249343,1028573.422,7668010.074673638
1994-06-01,4402.865727272729,5295.291052527553,2.4842715297696856,-1.122702767559411,84432.912,79275.27091666666,79278.9375,2494.267000000007,75607.25,0.18912694434873756,-0.013876217663851161,2828.0288896518396,951303.2509999999,7997747.400705416
1994-07-01,4381.326666666668,5164.047168719368,2.563947646825131,0.012774550056490419,84432.912,78099.31015384615,77887.096,2196.2590000000055,70340.016,-0.2673385801522142,-0.06992432671210567,3486.9778625047406,1015291.0319999999,12159014.613598129
1994-08-01,4176.9980000000005,4912.7415358595545,2.4838698281392833,0.08693736732771606,84432.912,78305.23,78223.45850000001,2337.6305000000066,70340.016,-0.4199017655453001,-0.144877238365987,3552.608485588817,939662.76,12621027.051877668
1994-09-01,4678.2,5854.909057043771,2.483861343705244,0.06238817245993156,84432.912,78318.76341666667,78223.45850000001,2337.6305000000066,70340.016,-0.41135789241765364,0.08889818459795874,3567.91387664768,939825.1609999998,12730009.431175075
1994-10-01,4288.667636363636,5737.600831697552,2.483830783802773,0.23553235429015462,84432.912,78877.6315,79278.9375,2564.287000000004,70340.016,-0.7039968601796034,0.029990729524495646,3637.0798605726836,946531.578,13228349.912183413
1994-11-01,4838.366181818183,6019.748512508754,2.4837972582836243,-0.10747838093974105,84432.912,78568.91166666667,78223.45850000001,2379.4240000000063,70340.016,-0.4556566082835712,-0.04698997222017088,3685.7758895088223,942826.94,13584943.90768455
1994-12-01,4936.720727272727,6062.515194191374,2.483810874733826,-0.0751783570300133,84432.912,78470.20291666666,78223.45850000001,2379.4240000000063,70340.016,-0.3898030970877702,0.003957264617494454,3660.423553619295,941642.4349999998,13398700.591890907
1995-01-01,5481.676818181819,6373.305358571069,2.483484779699303,-0.4796745661934332,85960.703,79086.94308333333,78378.8995,2840.9725000000035,70340.016,-0.22931014048852624,0.10968098636562272,4206.339917335961,949043.3169999999,17693295.5001739
1995-02-01,5748.280090909091,6483.741674933574,2.4834437429788867,-0.4861544883549289,85960.703,79515.35733333333,80079.949,3155.946499999998,70340.016,-0.46805591596707047,0.060577595549331925,4280.412093030613,954184.288,18321927.686162706
1995-03-01,6382.112666666667,7214.344710468828,2.5632164136442337,-0.9365967043135299,85960.703,79719.33953846154,81289.195,4511.878999999986,70340.016,-0.38247768499107604,0.01620413139369156,4672.934053804205,1036351.414,21836312.671203
1995-04-01,6159.971818181818,6989.460785578788,2.483175802788489,-0.9418814374991684,85960.703,79326.54183333334,80079.949,3892.831499999993,70340.016,-0.252478435959723,0.1348260120557221,4652.981292762895,951918.5020000001,21650234.910801455
1995-05-01,5960.953666666665,6910.457146439617,2.5633751556236697,-0.7307761301414173,85960.703,79301.28392307693,78870.703,3526.5510000000068,70340.016,-0.23068016014174497,-0.060793073421381606,4437.414992320145,1030916.6910000001,19690651.814067595
1995-06-01,6029.369818181817,7057.90664245733,2.4832259039479547,-0.8624467805288605,85960.703,79135.62466666667,78564.3835,3844.0510000000068,70340.016,-0.12556187004395364,0.0035035900441607606,4579.8232067616655,949627.496,20974780.605192702
1995-07-01,5961.25018181818,6934.245704913946,2.4832811067715537,-0.6614295728397743,85960.703,79573.79491666667,80104.7825,3128.966999999997,70340.016,-0.3872637360398485,0.1563668396094762,4517.70467468812,954885.539,20409655.52769889
1995-08-01,5704.165090909089,6535.847302199145,2.4834885221243135,-1.0289527652271127,85960.703,79719.3935,80104.7825,3128.966999999997,72087.199,-0.16973953151365093,-0.1253635557506549,4237.215322790969,956632.7220000001,17953993.691694576
1995-09-01,6550.002727272726,7176.300755041162,2.483516195042962,-0.9689390998923844,85960.703,79635.57341666667,80104.7825,3128.966999999997,72087.199,-0.13198218084570032,-0.011935834657790852,4192.685533100203,955626.8809999999,17578611.97946774
1995-10-01,6698.032545454545,7314.304544627906,2.4833543539648884,-1.12046182796727,85960.703,78909.26958333333,78564.3835,3445.158000000003,72087.199,0.15855559468957525,-0.034233727324517814,4401.097980356141,946911.235,19369663.432694905
1995-11-01,6575.628636363637,7277.34922053989,2.4832906165734787,-1.1997126885864855,85960.703,78794.18925000001,78564.3835,3846.4284999999945,72087.199,0.18435253595981002,-0.050186581955532834,4485.2433993773975,945530.271,20117408.351658512
1995-12-01,6036.080363636365,6885.492457893061,2.483121650657788,-1.3204698346178176,85960.703,78368.08758333333,77302.7195,3828.6270000000004,72087.199,0.33079824488998966,-0.14196277571159466,4695.678014148745,940417.051,22049392.012559902
1996-01-01,6502.804272727275,7359.884845946504,2.483402144259572,-1.3101056911495104,85801.074,78058.599,77302.7195,3828.6270000000004,72087.199,0.2502182540996153,-0.004339539484078407,4289.912755489595,936703.188,18403351.449712332
1996-02-01,5828.669090909094,6891.694551255453,2.4834684940043656,-1.2024530798700015,85801.074,77950.67041666668,77302.7195,3814.2790000000023,72087.199,0.2784236969146526,0.09503998402869056,4189.277489205158,935408.045,17550045.881561078
1996-03-01,5133.299181818185,6048.478160945846,2.4835719622343935,-1.0625213945954628,85801.074,78213.8505,77834.6865,3541.631500000003,72087.199,0.1771748712318484,-0.09778158487852961,4045.4565483969077,938566.206,16365718.684967421
1996-04-01,4639.633363636368,5690.859058852116,2.4839563889594634,-1.388692283650968,82246.84,77690.76058333334,77834.6865,3489.8274999999994,72087.199,-0.16511445837117653,0.016176364904708054,3382.0071168429577,932289.127,11437972.138376415
1996-05-01,4808.179818181822,5775.190891161876,2.483933623503177,-1.4664343860894824,82246.84,77482.52983333332,76879.342,3159.7965000000113,72087.199,0.007560960719344597,-0.007702687878921859,3417.4072927026828,929790.3579999999,11678672.604217479
1996-06-01,4364.456272727278,5553.792445238291,2.4839240607492266,-1.4903978820516746,82246.84,77442.73383333333,76640.56599999999,2921.193500000001,72087.199,0.03660865443347894,-0.06723771227583673,3433.1389114756403,929312.806,11786442.785488144
1996-07-01,4391.019818181824,5596.138550242103,2.483228991574694,-0.13759364485051107,82246.84,76191.65875,75814.55900000001,2921.193500000001,66325.961,-0.5173110774229263,-0.07992040306629195,4388.031739791889,914299.905,19254822.54942103
1996-08-01,4073.4177272727325,5105.733112461507,2.483233430320977,-0.12461009557976643,82246.84,76197.63491666666,75814.55900000001,2894.2985000000117,66325.961,-0.519843410701897,-0.11367684539473633,4382.483033462204,914371.619,19206157.538584083
1996-09-01,3467.149090909095,4624.798069440427,2.4832788031058866,-0.3049514881611528,82246.84,75337.79558333334,75335.8735,2626.1979999999967,66325.961,-0.2366607937177911,-0.0350956781507807,4285.864545832934,904053.547,18368634.90522774
1996-10-01,3630.6435454545494,4664.0312832241525,2.4829047089835985,-0.839513224007213,82246.84,74869.86316666666,75335.8735,3682.5409999999974,66325.961,-0.17863230624087656,-0.09138711679067733,4725.16357749817,898438.358,22327170.8341153
1996-11-01,4079.431454545457,5038.987065704582,2.4828996116600095,-0.8552577181495149,82246.84,74806.99674999999,74958.67499999999,3331.3674999999857,66325.961,-0.13857789764853548,0.005430933699296655,4729.195499154324,897683.9609999999,22365290.069221515
1996-12-01,3858.1707272727285,4530.024402631995,2.4825678510077496,-1.1956041949657121,82246.84,74335.75366666667,74958.67499999999,4214.146499999995,66325.961,-0.023655082166171546,-0.17197346426926544,5079.0956616121675,892029.0439999999,25797212.739807542
1997-01-01,4689.863090909092,5591.138352411369,2.4829151657417863,-1.186806594016331,81310.166,73997.50499999999,74958.67499999999,3546.0769999999975,66325.961,-0.17340228358794554,-0.03839999539540969,4658.746365392446,887970.06,21703917.697057325
1997-02-01,5386.254272727273,6414.464741163654,2.482987381430251,-1.438631223109316,79523.995,72774.04916666668,73158.484,4641.0985,66325.961,-0.07900308290399341,-0.13928989367690447,4502.862214088942,873288.5900000001,20275768.119069967
1997-03-01,5786.152454545455,6514.785591561655,2.481951431594367,-0.6710293628360771,79523.995,71332.86758333333,71627.3075,4187.251500000006,60117.13,-0.32554799322144146,-0.2440378529775824,5454.956379178305,855994.411,29756549.098738078
1997-04-01,5660.100545454546,6582.303969931893,2.481953661022365,-0.970031316239754,78187.856,69913.80625,69599.134,3916.0469999999987,60117.13,-0.20394990220409445,-0.17508130190493457,5353.523181730065,838965.675,28660210.457321197
1997-05-01,5807.755181818182,6570.121109631949,2.4815910562573,-1.056309772011958,78187.856,68663.90916666666,68084.4925,4831.827000000001,60117.13,0.04136346606445008,-0.1991475978532335,5588.592102393275,823966.9099999999,31232361.686932486
1997-06-01,4966.920363636363,6041.257720830445,2.4815282632955458,-0.8973838006106938,78187.856,67380.24483333333,67347.5575,4831.827000000001,60117.13,0.29795177300576947,-0.088353186469473,5555.011058537971,808562.938,30858147.860479143
1997-07-01,4737.422727272726,5729.116974128691,2.480541889179391,-1.0603143360654377,78187.856,66616.19583333335,67347.5575,5719.662999999997,57157.373,0.2132947388066026,-0.20789587005003804,6236.238970408297,799394.35,38890676.49603914
1997-08-01,5022.9522727272715,5950.084929945607,2.4805896211240075,-0.7658724978757938,78187.856,65716.40383333333,64561.97749999999,3948.786999999993,57157.373,0.551467028479048,-0.13691816419507336,6149.957190280634,788596.846,37821973.44228447
1997-09-01,5075.254363636362,5971.195311886736,2.4802897108829103,-0.3767410039308752,78187.856,64604.82891666666,61928.334,4435.946499999998,57157.373,0.8321240212950558,-0.15146405748185454,6281.287636193452,775257.9469999999,39454574.36859673
1997-10-01,4595.739545454544,5547.131244792896,2.479826632001914,-0.12368301960235195,78187.856,63677.613166666655,61060.9695,3603.8814999999995,56939.83,1.0261448492063492,-0.2321828019896152,6518.612750846951,764131.3579999999,42492312.19550446
1997-11-01,4168.862363636363,5409.3608554542025,2.4807221181941626,1.8003531708788163,78187.856,62356.08108333333,60613.1905,2584.953999999998,56939.83,1.5758577905284865,-0.14394312249556068,5831.18765390547,748272.973,34002749.45505958
1997-12-01,3677.5788181818175,4220.424558780108,2.480305838757841,2.684507642592844,78187.856,61149.0755,60291.4905,2369.227999999999,53618.499,1.719048306074714,-0.3142349497343935,6012.999081766178,733788.906,36156157.957320906
1998-01-01,3425.0436363636345,4185.257316021565,2.4834611267155244,0.0031668435010150375,66628.696,59833.40183333333,60291.4905,2156.024999999998,53618.499,0.14534863260346748,-0.06347000997888357,3219.033627372527,718000.822,10362177.49415513
1998-02-01,3839.247363636362,4930.291736347551,2.4832892929928074,-0.2731186835407824,62495.259,58558.67424999999,59208.399999999994,2102.018,51331.965,-0.7962434229310135,-0.14613413847267828,3303.3489371766627,702704.0909999999,10912114.200746186
1998-03-01,4396.249454545453,5273.570127237995,2.480187836760729,1.4025399365425288,62495.259,57117.814499999986,58028.2365,3032.733,42826.813,-1.4155038667958009,-0.31471900932517133,5409.059704510087,685413.7739999999,29257926.886954743
1998-04-01,4615.986454545452,5543.58845249973,2.479278495378107,-0.14414616597172625,62399.772,55824.76366666666,57457.088,3571.0154999999977,42826.813,-0.9733065960150938,-0.22682292270985788,5808.880592379358,669897.1639999999,33743093.73652156
1998-05-01,4609.376636363635,5553.687483624524,2.478624124987056,-0.9139877786538118,62399.772,54694.771166666666,57048.601500000004,3871.454999999998,42826.813,-0.5800648435378172,-0.21938384692543234,6052.606827665413,656337.254,36634049.410301976
1998-06-01,4576.610545454543,5542.237479668508,2.4775731811808894,-1.3062707442084405,62399.772,53343.66433333334,55279.1645,5014.722000000002,42826.813,-0.2669248311387859,-0.22577671650514794,6412.467936693683,640123.9720000001,41119745.03912455
1998-07-01,4363.955909090908,5275.123415614847,2.4759508072783083,-1.4694244079549492,62399.772,52112.861083333344,52475.232,5660.5105,42387.734,-0.011979110048283184,-0.3092118533327682,6956.690164041212,625354.3330000001,48395538.038467735
1998-08-01,4153.689181818181,5304.226416595751,2.476193585519934,-1.3767973324177678,62399.772,50639.36083333333,49266.292499999996,6013.182999999994,42387.734,0.27236968957178276,-0.24373573793549475,6709.940056217179,607672.33,45023295.5580278
1998-09-01,4240.365727272727,5303.745843632804,2.4757689255103106,-1.046563260397965,62399.772,49318.709833333334,47089.6345,4482.361000000001,41908.991,0.5849683139984293,-0.2639775882716896,6738.641630932587,591824.518,45409291.0301378
1998-10-01,4202.056545454545,5237.0820525676345,2.4755639696443965,-0.41999618266058425,62399.772,47987.936666666676,45615.609,3467.2464999999975,40970.552,0.9199559085984297,-0.29724212847173914,6678.761563865992,575855.24,44605856.02697371
1998-11-01,3850.1050909090904,5178.619155501866,2.476817203285899,1.1086573639502415,62399.772,46611.31891666667,43965.9875,2590.5830000000024,40970.552,1.4113340588650478,-0.2207865236958611,6087.780093997542,559335.827,37061066.47287273
1998-12-01,3446.206272727273,4186.811272128737,2.476154077458031,2.269943504259193,62399.772,45263.26658333334,43253.109500000006,1877.7050000000054,37441.871,1.6217636402704732,-0.3999678236003811,6177.270560488984,543159.199,38158671.57748389
1999-01-01,2992.9676363636363,3794.7896026957033,2.481934757350156,0.3504719767407307,51331.965,43690.29,43175.433000000005,1330.8090000000047,37441.871,0.5273888280755844,-0.15210623633831272,3385.9764832594446,524283.48,11464836.745185995
1999-02-01,2428.931363636364,2964.470645954103,2.483158959661477,0.11719024977018533,47200.62,42847.90125,42607.273499999996,1228.0529999999999,37441.871,-0.07435103692470027,-0.0374418007709329,2529.055458123781,514174.815,6396121.510265688
1999-03-01,2819.598090909092,3473.416604734399,2.480761945560356,0.7816780999928001,47200.62,42010.17766666666,42148.3625,1453.3669999999984,32774.13,-0.9438108501090464,-0.30236116411095604,3761.7871526416,504122.132,14151042.581779396
1999-04-01,3302.184818181819,3981.722066882891,2.481071779979615,0.5612885856201086,47200.62,41287.3365,41844.623999999996,1757.1055000000051,32774.13,-0.810516964776997,-0.18847347767889494,3565.908611562359,495448.038,12715704.226014592
1999-05-01,3147.074181818183,3959.194596171192,2.4818865164426303,0.8667072224481163,44252.569,40649.48391666667,41501.7785,1988.8319999999985,32774.13,-1.1914063044728667,-0.10634817607990171,3106.044592695816,487793.80700000003,9647513.011814917
1999-06-01,3124.520272727273,3970.8119138417433,2.4822009504477047,1.2483292258734249,43679.406,40392.03075,41193.215500000006,1420.672499999997,32774.13,-1.326200986495481,-0.028890504031189673,2919.137740183111,484704.369,8521365.146161359
1999-07-01,3411.140636363636,4170.505492553345,2.481677892059716,0.6793384665403583,45607.627,40660.35516666667,41193.215500000006,1988.8319999999985,32774.13,-0.9026928417473853,0.04414485398450697,3222.4734111126468,487924.262,10384334.885327976
1999-08-01,3560.7565454545456,4266.050041201314,2.4818390700265294,0.9032082255133904,45607.627,40536.35775,41193.215500000006,1322.5239999999976,32774.13,-0.9299924913519075,0.006739508474446361,3131.2545137421666,486436.29299999995,9804754.829830691
1999-09-01,3624.9477272727277,4285.342869770679,2.4818817666999173,0.9062085438305845,45607.627,40422.84975,41066.8415,1322.5239999999976,32774.13,-0.8521502951932401,-0.01034052457970316,3104.0086737399256,485074.197,9634869.846652692
1999-10-01,3739.3527272727283,4323.092597150461,2.4817853155923286,0.7979645625380583,45607.627,40559.89166666666,41193.215500000006,1534.3329999999987,32774.13,-0.90970837348216,0.01998068130600543,3160.944721917546,486718.69999999995,9991571.53501839
1999-11-01,3708.5854545454554,4212.234227659895,2.4810248159999775,0.19493878557346012,46615.001,40962.787,41193.215500000006,1988.8319999999985,32774.13,-0.5675572357070353,0.244996570817735,3572.184440420385,491553.44399999996,12760501.676381499
1999-12-01,4144.927181818182,5033.7706193284985,2.4806229755166043,-0.17810643012755856,46615.001,40820.38608333333,41193.215500000006,1988.8319999999985,32774.13,-0.5386540084174604,-0.17900430826145722,3739.829306256737,489844.633,13986323.239936745
2000-01-01,4369.884818181818,5153.774103715117,2.4783085303108887,-0.5602455676447695,46615.001,39773.196083333336,40855.013,2155.25,30957.773,-0.4842448125996245,-0.24902244604386356,4515.140438580887,477278.35299999994,20386493.18010841
2000-02-01,4225.99990909091,4960.398715528563,2.470963949425095,-0.025309329524821678,46615.001,38345.5325,40046.642,3440.9975000000013,24091.337,-0.8221885352790362,-0.26492825286285243,6218.2335475035225,460146.38999999996,38666428.451298244
2000-03-01,3931.675545454545,4546.908954402222,2.462436043418471,-0.3727957411239067,46615.001,37430.895,40046.642,3440.9975000000013,21798.48,-0.9058500446174738,-0.4309167669484739,7619.726706382224,449170.74,58060235.0799545
2000-04-01,3879.181636363636,4518.18768901361,2.454218508613555,-1.1759453645582492,46615.001,36110.75549999999,40046.642,4937.283500000001,21798.48,-0.5878356008595054,-0.4319865462305547,8655.863921231505,433329.06599999993,74923980.22287725
2000-05-01,3972.3596363636357,4411.176452499122,2.4436021433250814,-1.53878888990815,46615.001,34466.98816666666,38139.97749999999,7324.927,19821.181,-0.310475263975732,-0.5184724650804624,9661.826819868873,413603.85799999995,93350897.49713744
2000-06-01,3653.2670909090903,3950.3777414494853,2.4335945253504563,-1.6655343985353042,46615.001,32610.619166666656,33345.4165,10076.087,18886.703,-0.019396151922873903,-0.5858871806682685,10314.893991319743,391327.42999999993,106397038.05216412
2000-07-01,3384.4404545454554,3974.605642131924,2.4286751171774963,-1.5772090372638718,46615.001,30345.617416666657,27524.555,8423.178499999998,18427.606,0.26039404396770566,-0.5632382466612834,10195.739761300814,364147.40899999987,103953109.2801704
2000-08-01,3505.6760909090913,4242.294464730206,2.428749739810529,-1.2000920606325454,46615.001,28613.475999999995,23277.109,4619.9545,18427.606,0.6190632927383184,-0.4720744954699983,9793.83952347173,343361.71199999994,95919292.61151697
2000-09-01,3799.195,4168.9777092328695,2.4239499629952164,-0.5074201004112449,46615.001,26576.974083333324,22130.680500000002,3473.5260000000017,16108.872,0.9523560396532462,-0.6219910545697993,9640.288994744982,318923.689,92935171.90220124
2000-10-01,3453.429363636365,3760.781267082493,2.428359016213434,1.0127374038535848,46615.001,24384.5025,21602.11,2944.9555,16108.872,1.412230638841722,-0.6502113986868733,8688.230352677268,292614.02999999997,75485346.66118257
2000-11-01,2603.031454545455,2921.4284827495494,2.4542847056002475,0.6348911921095022,35733.06,21985.999083333332,20613.4605,2483.1775000000016,16108.872,1.2751816648488317,-0.5009394661414388,5668.024213573419,263831.989,32126498.485654574
2000-12-01,2221.4602727272736,2799.8423560903966,2.4678771749053445,1.5051659389506131,30957.773,20542.491083333334,19353.942000000003,2248.167999999998,16108.872,1.3526328198352662,-0.40528784160281817,3919.104805050159,246509.89299999998,15359382.472967245
2001-01-01,1758.4794545454554,2163.502419726438,2.4767687581372044,-1.0041889908277872,24091.337,19349.11975,18657.1545,2185.7980000000007,16108.872,0.3971899697081891,-0.30940665518065685,2483.1977908609474,232189.437,6166271.26853669
2001-02-01,1685.3801818181826,2120.8571651777315,2.477428778947891,-1.1121720589658364,22462.881,18603.887666666666,18419.285,1947.9285,15148.552,0.258683341584613,-0.30506383931356684,2281.9390494020413,223246.652,5207245.825185891
2001-03-01,1729.4717272727278,2086.013553523793,2.476108692871262,-0.7007664940950686,22462.881,17953.943000000003,18121.962,1757.8925,13999.144,0.2653095523482309,-0.376787688097533,2387.7474937166903,215447.31600000002,5701338.093750335
2001-04-01,1646.3410000000003,2107.5363120531006,2.4781538748996645,-0.6687099695972574,21405.74,17392.570083333336,17235.1385,1350.5999999999995,13999.144,0.2575724893080664,-0.20658582351879032,2026.1988571527831,208710.84100000001,4105481.8087272444
2001-05-01,1865.7692727272733,2273.74875827997,2.4753803308331492,-0.24523369330132772,21405.74,16772.323083333333,16471.3565,1650.6054999999978,12378.217,0.047903498329342355,-0.3446067849957719,2307.5039088518884,201267.877,5324574.289366744
2001-06-01,1842.7728181818186,2276.251235683214,2.4727037101010256,-0.3781434083454096,21405.74,16212.77125,16207.134,1914.8279999999995,12172.081,0.16116727137780018,-0.3394648767723816,2530.305271692006,194553.255,6402444.767952356
2001-07-01,1759.494727272728,2158.686548199741,2.472773101760999,-0.06311912130172859,21405.74,15863.317083333333,15917.639,1799.4019999999991,12172.081,0.49257410192924306,-0.33503088423946104,2489.53382480109,190359.805,6197778.664828743
2001-08-01,1278.9390909090912,1582.7171153355443,2.477326283406146,-0.8784808773591588,18410.964,15264.78875,15437.479,1208.700999999999,12172.081,-0.06852859423181494,-0.11704556346341319,1871.8392523871682,183177.465,3503782.1867773533
2001-09-01,1447.942909090909,1665.3836422055485,2.475640708041035,-1.1016136557200646,18410.964,14936.368916666666,14691.354,1780.0025000000005,12167.834,0.13499597174666336,-0.2537541559861533,2033.6691673922962,179236.427,4135810.282402076
2001-10-01,1490.0785454545455,1605.8660408530836,2.4713385106471852,-0.8542178366522681,18410.964,14425.650749999999,14228.778,1953.629,10176.778,0.04970089947225188,-0.42932760461527414,2367.8259609956594,173107.80899999998,5606599.781565019
2001-11-01,1687.5942727272732,1863.3863140952828,2.4731040792704233,-0.391435479168031,18410.964,14016.858666666665,14111.272,1674.0945000000002,10176.778,0.28490357640440445,-0.29783932009209296,2158.485193181603,168202.304,4659058.329184221
2001-12-01,1699.291181818182,1871.7391031639818,2.4753360516907446,-0.8946163692758469,16637.317,13401.3735,13463.299500000001,1293.3420000000006,10176.778,0.0168135866970095,-0.33732452173628713,1848.5364255439354,160816.482,3417086.9165627495
2002-01-01,1597.4127272727274,1859.566078845242,2.476880205924759,-1.0559624333250188,15726.406,12964.367416666668,12652.836,1458.4360000000006,10176.778,0.04923408287705161,-0.247898809074293,1639.9848817872,155572.409,2689550.4124905765
2002-02-01,1626.7212727272736,1874.550473740781,2.475765650543252,-0.8853977611379649,15726.406,12528.774916666669,12275.149000000001,1487.0010000000002,9921.442,0.17221465313890047,-0.2912822383997194,1695.2494367726765,150345.29900000003,2873870.6528780772
2002-03-01,1575.716545454546,1761.2913012603956,2.47226338539299,-0.6868449281319249,15726.406,12091.782250000002,12169.9575,1568.9975000000004,8755.232,0.14343261042850047,-0.443278267138722,1920.7754000358436,145101.38700000002,3689378.137382855
2002-04-01,1323.4970000000003,1561.3267542766312,2.473834522029551,-1.0404807417053803,14234.156,11558.665583333335,11780.539,1375.3384999999998,8755.232,0.02221811077492269,-0.24633685126056531,1714.7502220625051,138703.98700000002,2940368.3240634105
2002-05-01,1479.4886363636365,1685.0961932701998,2.473953534324351,-0.9455342919738938,14234.156,11464.734999999999,11322.147,1273.0370000000012,8755.232,0.17913206041626709,-0.07566750500592305,1698.075068459529,137576.81999999998,2883458.938123834
2002-06-01,1417.4394545454545,1573.440955909186,2.4732092110903414,-0.9495141971618981,14234.156,11273.02125,11138.096,1241.6170000000002,8755.232,0.42994647372943395,-0.30649095035912216,1736.8185889834672,135276.255,3016538.8110385216
2002-07-01,1478.2674545454545,1601.11964795554,2.475812925873581,-0.2706484712124815,14223.4,10966.123249999999,10788.260999999999,891.7819999999992,8755.232,0.6417239792032567,-0.2581675267516909,1495.010485739656,131593.479,2235056.3524715216
2002-08-01,1843.7168181818183,2341.408202888062,2.4700371791285214,2.0011171761147413,16626.889,11166.414000000002,10788.260999999999,891.7819999999992,8755.232,1.5082044286598688,0.3664625109119666,1995.2797770720858,133996.96800000002,3981141.388792833
2002-09-01,1743.1640909090906,2258.6205560898234,2.4650468941884642,0.08035706596757075,16626.889,11464.253916666667,10788.260999999999,891.7819999999992,8755.232,1.1378001876761177,0.5468464576902434,2356.5784228515668,137571.04700000002,5553461.863049577
2002-10-01,1618.4603636363631,2167.2605341782505,2.459341634297529,-0.8971652502514811,17120.849,12042.9265,11138.096,1527.9695000000002,8755.232,0.7656390064474538,0.3243789284124368,2783.3234413941336,144515.118,7746889.3794140825
2002-11-01,1738.1252727272724,2176.727689469021,2.446473786751087,-0.6872773228604934,20339.476,12660.594916666663,11138.096,1537.835,8755.232,0.8423668664610009,0.8448266698061575,3610.572948718768,151927.139,13036237.018019741
2002-12-01,2385.521727272727,3244.158289485897,2.4477104493435204,-0.7400783309276693,20339.476,12812.667500000001,11322.147,1760.5035000000007,8755.232,0.7468351165417118,0.1278625297588641,3576.7595243073138,153752.01,12793208.694723083
2003-01-01,2466.0906363636354,3258.786643164315,2.448087422137851,-1.0186188576538993,20339.476,13130.569916666667,12050.531500000001,2939.5335000000005,8755.232,0.4932245652205564,0.5328490556110697,3605.8859916286515,157566.839,13002413.784623742
2003-02-01,2513.4971818181807,3230.834605144237,2.450172281885657,-1.227156988329884,20339.476,13711.762666666667,14029.043000000001,2979.258999999998,8755.232,0.15992751776871666,0.9297895247093396,3603.8597594556018,164541.152,12987805.165823387
2003-03-01,2525.5463636363634,3257.670197280644,2.4573892011881333,-1.114507248531386,20339.476,14331.28,15474.993,2135.4179999999988,9329.006,-0.05182449699753179,0.7353874571417364,3326.907097099622,171975.36000000002,11068310.832731834
2003-04-01,2884.8617272727265,3714.2384129353904,2.459718443965173,-1.1234038147481291,20339.476,14413.440083333335,15474.993,2135.4179999999988,9871.516,0.017467657128180738,-0.08320316770434756,3212.5674168126407,172961.281,10320589.407566244
2003-05-01,3004.6680909090906,3774.8198626965777,2.4501764496234966,-1.011357928988616,20339.476,14110.646166666666,15474.993,2135.4179999999988,7617.523,-0.22577699478110994,-0.22833301389573796,3639.2609252375187,169327.754,13244220.081960639
2003-06-01,3054.5647272727274,3774.0277585315825,2.4379235036113442,-0.9146393582792802,20339.476,13820.419499999998,15474.993,2135.4179999999988,6388.796,-0.41869600461964446,-0.3945061214741578,4078.159390720902,165845.03399999999,16631384.016125081
2003-07-01,2605.5769999999993,3174.7475485374493,2.4178118928237087,-1.073171360904224,20339.476,13378.817166666666,15474.993,2135.4179999999988,5252.152,-0.48715117624894066,-0.6841169746186433,4654.433777260413,160545.806,21663753.78690264
2003-08-01,2579.1266363636364,3209.344734834661,2.3999178502705147,-1.4106040958963382,20339.476,12480.424249999998,14029.043000000001,3402.9609999999993,5252.152,-0.16515980635942873,-0.6286236621940422,4970.500225430587,149765.09100000001,24705872.49100552
2003-09-01,2539.276818181818,3127.8749199477375,2.3774606768694375,-1.4994522926890312,20339.476,11577.397000000003,11582.470000000001,5253.4795,4905.586,0.11345892786365035,-0.7134729708789559,5271.194021664999,138928.76400000002,27785486.41403683
2003-10-01,2280.2675454545456,2865.6417497206794,2.3636620075580317,-1.2852898368784824,20339.476,10590.252166666667,8966.225,3798.9305000000004,4905.586,0.4433179913507568,-0.7406466616937427,5249.772428831349,127083.02600000001,27560110.55451781
2003-11-01,1620.2328181818184,2132.3538165897353,2.3738534064145633,-1.346117264818875,16895.755,9353.9785,7003.1595,1924.2904999999996,4905.586,0.5810368771039616,-0.5716586434581817,4501.8653390753025,112247.742,20266791.531167585
2003-12-01,1431.799090909091,1915.7606626822617,2.3634597832783935,-0.9268190010286546,16895.755,8718.052666666666,6117.485000000001,1055.2405000000003,4905.586,0.9039329802243671,-0.6568333805341413,4502.085355268829,104616.63200000001,20268772.546126056
2004-01-01,1601.1374545454548,2199.0968233254725,2.3776425433103183,0.1725907647919671,16895.755,8181.488833333334,6117.485000000001,1055.2405000000003,4905.586,1.2921002278906832,-0.48097572437573816,4058.455419103653,98177.86600000001,16471060.388851808
2004-02-01,1703.7873636363636,2221.426181921075,2.410435190815067,2.711655098862555,16189.44,7351.3295,6117.485000000001,881.9575000000004,4905.586,1.8709061564341125,-0.5717058156427894,3095.7085314929523,88215.954,9583411.31195825
2004-03-01,1252.965090909091,1558.550211614002,2.4574213146224015,0.37821255341354476,10314.927,6503.74075,5932.2744999999995,696.7469999999994,4905.586,1.199640834233304,-0.41653731529074317,1582.3143904536441,78044.889,2503718.8302366873
2004-04-01,1014.6242727272726,1377.5082695513413,2.4699895360835766,0.39613574485346925,8769.307,6139.390166666667,5894.447,630.8155000000002,4905.586,1.137226779287629,-0.21986188948822338,1089.3887216262488,73672.682,1186767.7868064723
2004-05-01,1019.0000909090909,1387.7933552674356,2.4709503952931886,0.8614080227290377,8769.307,6106.2283333333335,5894.447,630.8155000000002,4905.586,1.2257387203858199,0.1300378036800674,1049.204163435183,73274.74,1100829.3765697223
2004-06-01,980.1491818181818,1341.918558603408,2.4682185489552286,-0.412045347691949,8769.307,6234.567416666668,5894.447,658.9195,4905.586,0.8847426491224512,0.5096411908870877,1163.8464033661157,74814.80900000001,1354538.4506282432
2004-07-01,1035.8710909090908,1397.8465183101061,2.4695572689071965,-0.5150096351620475,8769.307,6357.046583333334,5980.547500000001,751.4994999999999,4905.586,0.6995008554563134,0.14979506254860017,1130.884705202779,76284.55900000001,1278900.2164615768
2004-08-01,1177.0309090909088,1513.7863095382188,2.464319083017887,-0.921365925790965,9215.248,6637.80275,6370.1385,980.4870000000001,4905.586,0.5446409219205206,0.8785213428120512,1363.489360608663,79653.633,1859103.2364930206
2004-09-01,1306.1552727272729,1638.8010021519387,2.4679100086753087,-0.9560359498883102,9215.248,6847.783499999999,6827.8724999999995,993.0724999999998,5218.903,0.40222263323259977,0.40762061689318,1271.4755054322059,82173.40199999999,1616649.9609140835
2004-10-01,1444.3088181818182,1698.7695090006173,2.4678735674792813,-1.197025343611727,9215.248,7172.701333333334,7076.7119999999995,1096.1644999999994,5218.903,0.19517509573042688,0.6667523589293397,1325.1259793040642,86072.416,1755958.8610265555
2004-11-01,1622.6332727272727,1769.3986529329093,2.461855212753364,-0.15858582081461803,11420.983,7665.76725,7322.468,1341.9204999999997,5218.903,0.6436862084402242,1.1883876745745225,1668.784789352576,91989.207,2784842.673174521
2004-12-01,1725.647090909091,1962.7042005608253,2.4404224420460783,2.175479381433016,16104.539,8572.903583333335,7677.11,1294.6060000000007,5942.72,1.6607344195052902,0.8364665531723315,2719.8204619319226,102874.84300000001,7397423.345143578
2005-01-01,1594.5605454545453,1835.2133444066744,2.423678212942234,-0.06495447286058997,16104.539,9151.38025,7677.11,1517.5765000000001,5942.72,1.155050551917194,1.2658469480777113,3362.386165417305,109816.56300000001,11305640.72538969
2005-02-01,1755.359090909091,2043.9159007161227,2.424611004224922,-0.8095366004179225,16104.539,9659.124583333334,8551.494999999999,2181.356499999999,5942.72,0.7665328303462791,1.1645003842399317,3448.130532398207,115909.49500000001,11889604.168456743
2005-03-01,1947.4507272727271,2195.546219756519,2.4338366509051297,-0.8456746977329566,16104.539,10060.769333333332,9194.6865,2100.701,5942.72,0.6415258396475362,0.823762856065909,3277.122489816926,120729.23199999999,10739531.81326389
2005-04-01,1978.2089090909094,2209.310917939381,2.4435036986781253,-1.007233244424696,16104.539,10603.318749999999,10026.68,2513.9790000000003,6721.902,0.4741136019705611,0.7249356991770021,3083.6666244640523,127239.82499999998,9508999.850833522
2005-05-01,1944.5546363636365,2208.317220948582,2.449135107919857,-1.0464303536730022,16104.539,11067.720333333331,11129.5475,1934.8610000000008,6721.902,0.22182833923543668,0.6133961165942414,2956.1005818631334,132812.64399999997,8738530.650091557
2005-06-01,1838.0441818181823,2152.1437781175505,2.4536796270039893,-0.8848552084947134,16104.539,11475.960583333332,11937.148000000001,1910.4680000000017,6721.902,-0.049197638381443316,0.9083509399571728,2830.013709688449,137711.52699999997,8008977.597024578
2005-07-01,1616.4977272727272,2064.877203810143,2.463437154554795,-0.6160545375801605,16104.539,11989.475666666665,12622.8565,1493.3090000000002,7425.355,-0.09116542592771952,0.3981265615423482,2455.0134758815257,143873.70799999998,6027091.1667598905
2005-08-01,1603.0174545454547,1977.890693974729,2.465506896488587,-0.29198384497664875,16104.539,12432.01275,12810.074,1552.3549999999996,7425.355,-0.43050917426731455,0.9562287594330507,2392.8902394213965,149184.153,5725923.697918189
2005-09-01,1616.8311818181821,1986.0616144966173,2.472071475699066,-0.7396796923710136,16426.414,13182.101,12855.9155,1552.3549999999996,9174.125,-0.049937938561491244,0.7905156077555081,2098.5732316252397,158185.212,4404009.608494001
2005-10-01,1571.7155454545457,1954.8778667533766,2.4732934815135894,-0.8681467416978674,18177.0,13932.340583333333,12955.429,1552.3549999999996,10838.112,0.46442352790187874,0.5915442654979873,2140.462304362287,167188.087,4581578.876395911
2005-11-01,1286.947090909091,1555.98459889263,2.4740876241467635,-1.1023565618823383,18177.0,14366.083416666666,13776.234,1628.857,10838.112,0.16932882206860664,0.03237335759812809,2114.8223256642414,172393.001,4472473.469127911
2005-12-01,1299.160818181818,1554.7943887467075,2.4732874997244805,-1.2470070999235656,18177.0,14453.5185,13776.234,1628.857,10838.112,0.15802826221551985,0.09182932471569162,2204.6703423642693,173442.222,4860571.318500584
2006-01-01,1568.1446363636364,1971.1994738702913,2.463502270717488,0.36461084168194136,22796.834,15044.002416666668,13776.234,1986.5505000000003,10838.112,0.9753758703357033,0.7499982919794039,3190.7729818032976,180528.029,10181032.221405908
2006-02-01,1440.5059999999996,1806.403514641521,2.4589855671823577,-0.701759463100204,22796.834,15792.7875,15476.0535,2665.9795000000004,10838.112,0.6208361108510562,1.030999126047046,3650.693459340487,189513.44999999998,13327562.734071413
2006-03-01,1507.4264545454544,2032.512723431555,2.463352309307264,-1.0267292162546025,22796.834,16528.017333333333,16526.1555,3388.393499999999,12453.313,0.44151223167512615,0.5787662287135961,3462.384183760792,198336.20799999998,11988104.235956887
2006-04-01,2017.5802727272721,2786.086273401237,2.464982798749795,-0.9684901484419859,22796.834,16632.74883333333,16526.1555,2975.3894999999993,12792.4,0.49156676055282006,0.07173720333948287,3354.8859891505463,199592.98599999998,11255260.000198638
2006-05-01,2204.8129999999996,2855.8604627061436,2.463042776690315,-0.9712201358710755,22796.834,16534.647416666667,16526.1555,2975.3894999999993,11615.183,0.38706339387134314,-0.09452672441023934,3480.604845390966,198415.76899999994,12114610.089759072
2006-06-01,2425.806454545454,2952.6159600940646,2.4645160580616174,-0.8839359138852729,22796.834,16640.872249999997,16526.1555,2619.8870000000006,11615.183,0.40557795887858306,0.09456342372212281,3383.962383317081,199690.46699999998,11451201.411705019
2006-07-01,2321.153727272727,2916.684374945426,2.4663569085595918,-0.7539091493121441,22796.834,16783.271666666664,16526.1555,2212.086000000001,11615.183,0.43107281295329686,0.004625114960091811,3256.4283730435227,201399.25999999998,10604325.748762885
2006-08-01,2351.8239999999996,2938.1407423862092,2.4674122709201987,-0.6624139096754709,22796.834,16975.37808333333,16728.4335,2380.772499999999,11615.183,0.30932523439024096,0.02462838206805213,3184.790209941555,203704.53699999995,10142888.681339573
2006-09-01,2252.2460909090905,2896.6383535405766,2.467522916064395,-0.6871275212051842,22796.834,17063.693499999998,16992.364999999998,2533.9969999999994,11615.183,0.22735043729911805,-0.038004126093414727,3183.03635525286,204764.32199999996,10131720.438861413
2006-10-01,2424.413363636363,3016.857684251204,2.4660454506187595,-1.0272781345997828,22796.834,17293.20533333333,16992.364999999998,2779.2119999999995,11615.183,0.1143411108126204,0.2589481337458062,3349.953278578009,207518.46399999998,11222186.96865555
2006-11-01,2431.6069999999995,3029.8032633084163,2.4654026498084787,-1.1925459059078238,22796.834,17601.393,17319.9795,3110.8515000000007,11615.183,-0.10648683901825313,0.18482181166111705,3443.2035358080416,211216.716,11855650.589001
2006-12-01,2528.7341818181812,3211.5804539842215,2.457520516193289,-0.7546044428204168,27035.622,18424.8815,18573.5345,3709.66,11615.183,0.2395308140068395,0.18593757361219548,4310.20599734105,221098.578,18577875.73951475
2007-01-01,2555.8056363636356,3222.564801160389,2.4540768575595986,-0.9264083976540856,27035.622,18687.911833333335,18573.5345,3709.66,11615.183,0.3047858110450673,0.179037202830649,4651.754776972625,224254.942,21638822.505087636
2007-02-01,2756.1599581818173,3445.5916972343834,2.454406920237313,-0.8639720358880512,27035.622,18636.726705,18573.5345,3402.5492300000005,11615.183,0.33049747050269906,0.0883533872102304,4618.152636358021,223640.72046,21327333.772700533
2007-03-01,2351.758629090909,2926.90547287411,2.4543771231954628,-0.8780383412170916,27035.622,18656.288378333335,18690.90454,3402.5492300000005,11615.183,0.3175532701820365,0.4511654284424515,4622.943968464982,223875.46054,21371610.93556676
2007-04-01,3219.488081818182,4185.8803799545485,2.4472764562764393,-0.5649698454992365,31535.54206,20141.74263333333,20109.87954,4397.956540000001,11615.183,0.4546980429084567,1.715027568657334,5563.203109073965,241700.9116,30949228.832810227
2007-05-01,3007.590135454545,4215.93464147368,2.4510578823347755,-0.9988670277564826,31535.54206,21788.740422500003,20627.6455,4561.114,14102.446,0.43933057971131945,1.2250860928664433,5718.513617622459,261464.88507000002,32701397.9949335
2007-06-01,3821.4827772727267,5280.175030662059,2.458231866067897,-0.8532539968612016,31535.54206,22441.528873333333,21164.558230000002,4005.9737300000015,14592.876,0.4623932270166736,0.5031928874061562,5230.086989187024,269298.34648,27353809.914463397
2007-07-01,3717.9793163636364,5259.492769247521,2.4651324151405154,-0.7691577976005477,31535.54206,23145.07781833333,21666.940935,2976.036394999999,16830.97,0.5932319825726591,0.368635517739025,4664.201894769389,277740.93382000003,21754779.31517036
2007-08-01,3941.127607272727,5310.452990281541,2.4689801011923707,-0.8583673298748145,31535.54206,23921.273946666664,22485.685375,3028.793960000001,17486.199,0.4955691668740466,0.4951976435816612,4310.463079098052,287055.28735999996,18580091.956267457
2007-09-01,3781.8289763636353,5254.323902472288,2.472344275336128,-1.1381745841466426,31535.54206,24783.922496666666,24494.33067,3220.003569999999,19895.61008,0.41497543265028597,0.3299791095966001,3957.7093806252287,297407.06995999994,15663463.54148893
2007-10-01,3810.83955909091,5261.937421109841,2.4735385855454837,-1.1137265279401836,31535.54206,25282.31667916667,26049.26077,3563.5753950000017,19895.61008,0.1693993514011371,0.3241327934566902,3815.156765083311,303387.80015,14555421.142160952
2007-11-01,3811.516790909092,5262.724512049792,2.472631655287369,-1.003447449621899,33630.79474,26391.203824166663,26528.597865,4042.9124900000006,19895.61008,0.13951503472899313,0.24394381383198796,4133.432235032396,316694.44589,17085262.04160491
2007-12-01,4791.168880909093,6130.187809050311,2.4579915284610765,1.2781130084887335,45489.39173,27929.017968333337,26528.597865,4721.624530000001,19895.61008,1.2511647760887168,0.7527470691665822,6714.227325217975,335148.21562000003,45080848.574703716
2008-01-01,4806.135908181819,5831.982144617482,2.442445281955782,0.08616667619348517,50209.25257,29950.355849166674,27374.926894999997,4889.241519999998,19895.61008,1.0703128957047245,1.3464488502805696,9057.434746809675,359404.27018999995,82037124.19271524
2008-02-01,5116.082441818181,6125.9789307141455,2.44181106273124,-0.8520245912374889,50209.25257,31941.981004166668,29608.569035,5297.6657,19895.61008,0.6768730517346737,1.276757341838698,9570.95223639714,383303.77205,91603126.7113954
2008-03-01,4263.562126363636,5469.508383211264,2.448143815658749,-1.2558403182452338,50209.25257,33870.285815,31457.349265,6866.955825000001,21935.90741,0.4359000349761257,0.3646592066856008,9276.14847754182,406443.42978,86046930.57740141
2008-04-01,4847.551150909091,5673.984529075239,2.4433080025948355,-1.5755781133600928,50209.25257,35376.95169916667,32504.975605,9999.902235,21935.90741,0.18943092434675363,0.5811620913849249,10197.158231643314,424523.42039,103982036.00117101
2008-05-01,4327.557324545454,4466.104011415432,2.4383079297734724,-1.6448050566318904,53338.84964,37206.92613,38333.031275,11351.830240000001,21935.90741,-0.0069021210299019635,1.4315770778501842,11233.306748039404,446483.11355999997,126187180.49554761
2008-06-01,4229.110856363636,4517.2197170241325,2.4448962655364186,-1.5688535113518347,53338.84964,39822.4509175,44166.372065,9164.155184999996,23035.46334,-0.2506612767212305,1.3147875982771529,11025.170908642222,477869.41101,121554393.56477074
2008-07-01,4117.518214545454,4705.459159685664,2.4539656097813025,-1.3417190741660137,53338.84964,42189.4842825,45393.434025,6987.600264999997,26145.32354,-0.5309388931741055,0.9674594441832637,10184.055706763396,506273.81139,103714990.63846011
2008-08-01,4258.570698181818,4708.408412488625,2.460539396712899,-0.7589349248327828,54684.0991,44567.71557916667,47552.4622,5143.468525,26911.87219,-0.8332682836815605,0.9643701143907646,9466.644882439856,534812.58695,89617365.33022471
2008-09-01,4247.55540909091,4621.379117211751,2.4672331596476553,0.36350009603101796,55489.04033,46871.97047333334,49912.39262,4518.958594999996,26911.87219,-1.1898449802777693,1.0618796023644466,8421.622131230048,562463.6456800001,70923719.32122374
2008-10-01,4025.675888181818,4474.451917511461,2.475497050969034,0.45583674568054944,59767.28815,49609.92180333334,50824.558145,4262.011569999999,33630.79474,-0.8607112393783218,0.7771595530840555,6639.602124946477,595319.0616400001,44084316.37759376
2008-11-01,3968.1170881818175,4354.565589481071,2.4760428944437027,1.0876757515035784,70992.73834,52723.41710333333,52381.034289999996,2936.7538300000015,43035.26781,1.0756500179964525,0.5606438257379616,7156.453393431307,632681.00524,51214825.17235446
2008-12-01,4038.548881818181,4808.869603354185,2.4753921279781057,-0.08386087775504514,70992.73834,54390.81177333333,53330.52725,3418.1346300000005,43035.26781,0.6995476337126785,0.3045031426963543,7594.282672712508,652689.74128,57673129.313061446
2009-01-01,4417.567877272727,4824.364917127067,2.471688696382137,-0.6249106863791858,74579.11297,56421.63347333334,54011.474369999996,5075.87774,43035.26781,0.5831000948549576,0.6464297578775134,9276.622851136783,677059.60168,86055731.52223314
2009-02-01,4942.46547,4776.949669359799,2.4680058721973186,-0.5558710107073148,82615.195,59531.44336333333,55086.569715000005,5075.87774,43035.26781,0.6562522462651589,0.9197090945209111,11101.702424713636,714377.32036,123247796.72689264
2009-03-01,5788.647482727273,7235.934421140343,2.4719385128522466,-0.7157656065505198,82615.195,61505.74837916665,57628.16424,7029.132024999999,49615.53267,0.6870152252390913,0.3448798069711422,10049.254484978346,738068.9805499999,100987515.70385742
2009-04-01,5930.1183036363645,7291.929068616519,2.473265054869055,-1.0359795214418013,82615.195,63371.65599,62632.70796,8826.944349999998,51439.86372,0.42825182977658705,0.349980820471253,9742.338069750633,760459.87188,94913151.06531249
2009-05-01,5945.553232727273,7287.822976282329,2.4741681286064803,-1.1292969456384911,82615.195,64942.822936666664,66112.527885,7405.912410000001,51439.86372,0.12385921575849826,0.35389849668718304,9515.300570330608,779313.87524,90540944.943734
2009-06-01,6031.465492727275,7335.146388364456,2.475798743205484,-0.8603974684029065,82615.195,66279.76228166667,68046.2025,5339.780485000003,51439.86372,-0.10666319555687505,0.34847707563094604,8895.521167318166,795357.14738,79130296.83820553
2009-07-01,5911.371044545456,7318.523218764745,2.4783050079529847,-0.4990444020812608,82615.195,67933.82975916666,70179.10767,3926.092485000001,54684.0991,-0.204129454476633,0.303645385464529,7754.562598822525,815205.95711,60133241.099057145
2009-08-01,6113.781528181819,7327.022536028135,2.4800519904214275,0.08421918006518725,82615.195,69570.1656675,71140.70589499999,3308.9155900000114,55489.04033,-0.3530087039783254,0.33936592808254107,6798.879925862052,834841.98801,46224768.246289976
2009-09-01,6093.48090818182,7452.245181411245,2.4820888289085246,0.7379600613801425,82615.195,70801.51139,71140.70589499999,2477.326500000003,59767.28815,0.10414306407789485,0.17564626361586055,5312.780487952189,849618.13668,28225636.513165504
2009-10-01,6075.651800000003,7427.845452540281,2.4826601393052177,-0.1583245430782072,82615.195,72595.44729416668,71647.548725,2477.326500000003,65498.12777,0.7528174725367762,0.1451103436898361,4902.705817643361,871145.36753,24036524.334354054
2009-11-01,6086.5569300000025,7437.361227984414,2.482633102938247,-0.44616366556554254,82615.195,72986.0484325,72099.6385,2606.8179850000015,65498.12777,0.5188636354179956,0.15545214155974044,4945.982833822339,875832.58119,24462746.19246525
2009-12-01,6095.259184545458,7469.336819589456,2.482751698547301,-0.4376961200219185,82615.195,73069.80795166666,72099.6385,2606.8179850000015,66503.242,0.6159333389774905,-0.10828596169075626,4825.510247790206,876837.69542,23285549.1515283
2010-01-01,5733.0721818181855,7123.892483623459,2.4827199461670246,-0.28838142005352685,82615.195,72734.48745416668,71647.548725,2477.326500000003,66503.242,0.8007903075245377,-0.14597711716349515,4848.73030068232,872813.84945,23510185.528754864
2010-02-01,5948.863272727276,7589.428622709855,2.4802535702280664,2.1949121916564414,81294.519,70207.66270416667,70921.970225,2477.326500000003,52293.298,-1.2160934047169722,-0.21630892403738408,6618.899400160588,842491.95245,43809829.26944619
2010-03-01,6944.899090909094,8370.831922276644,2.4684118154211134,2.1184466536049547,81294.519,67651.86937083334,70921.970225,2477.326500000003,36057.408,-1.7046881407532748,-0.49924734493133555,11552.263049432811,811822.4324500001,133454781.56329067
2010-04-01,7144.901632727276,8476.59503251913,2.4591690180977523,-0.1531212064523082,81294.519,64854.989450833345,70410.228,3908.444000000003,36057.408,-1.1196437230084846,-0.4674837831938849,13969.407965746557,778259.8734100001,195144358.91346335
2010-05-01,8379.726520909091,10162.72133658471,2.4582945061728907,-0.5968758753158427,81294.519,63410.11126166667,69815.333,5184.708000000006,36057.408,-0.8367536983290013,-0.2091986229691753,14032.252980749183,760921.3351400001,196904123.71574435
2010-06-01,9470.101504545457,11056.262003350155,2.4583407834361712,-0.5958409699021892,81294.519,63360.624511666676,69518.4125,5481.628499999999,36057.408,-0.8314862433776171,-0.03530767691680204,14012.196067980301,760327.4941400001,196341638.6475226
2010-07-01,9438.262090909093,11047.328015453553,2.458320840946288,-0.5972248845045383,81294.519,63374.30664083335,69518.4125,5481.628499999999,36057.408,-0.832068982122377,-0.03858000517491032,14020.008667400827,760491.6796899999,196560643.03399432
2010-08-01,9989.327181818184,11351.862216558948,2.4566660919788115,-0.6847379476816569,81569.516,63978.42214083334,69518.4125,8968.822999999997,36057.408,-0.7318874978510335,0.1608809022060697,14621.909487061064,767741.0656900001,213800237.04780635
2010-09-01,10209.102181818183,11570.058792591368,2.45681016811895,-0.681233029703705,81569.516,63799.87814083334,68447.1485,10040.087000000007,36057.408,-0.7097154837105514,-0.1620263968841492,14556.990265947705,765598.53769,211905965.60289624
2010-10-01,9942.89072727273,11498.833293574022,2.4593500545072624,-0.5326379214623804,81569.516,62478.36989083333,67312.9515,6253.454000000005,36057.408,-0.7557751135948049,-0.1353533099492453,13596.968991416552,749740.43869,184877565.75354323
2010-11-01,9226.301181818184,11206.54125231654,2.4606852595412954,-0.4039428008174135,81569.516,61732.594307499996,66616.9435,4387.119500000008,36057.408,-0.7588859154834432,0.003419427281455026,13088.343057256248,740791.13169,171304723.98442784
2010-12-01,9410.863383636366,11253.72260954214,2.460755432777232,-0.4506728156188107,81569.516,61244.69378916667,66083.5325,5402.2116099999985,36057.408,-0.6642245525952167,-0.14041235532423124,13010.305034633284,734936.32547,169268037.09420416
2011-01-01,9698.688201818184,11469.536612388558,2.457867578410001,-0.6314938604833977,82076.47778,62204.7946875,66083.5325,8332.157245000002,36057.408,-0.48566766979424725,0.5695410486445127,14045.851614851557,746457.53625,197285947.58642808
2011-02-01,9565.926881818184,11255.958886369344,2.45942727244407,-0.23510462156532963,82076.47778,63455.43337916667,67015.80365,5402.2116099999985,36057.408,-0.7529707378357723,0.8664947380577105,13773.148281893718,761465.2005499998,189699613.5950319
2011-03-01,9475.629831818183,11322.06472648983,2.4699272884016956,1.0453562068856534,82076.47778,65942.96378666667,67015.80365,3096.443849999996,38443.86496,-0.8770725749283275,0.7143898762149848,11020.828187272162,791315.5654399999,121458653.93337262
2011-04-01,9165.05920636364,11191.935303790033,2.4770282761366804,-0.38217194190258175,82076.47778,67148.77504,67015.80365,3096.443849999996,52913.6,0.192460038429291,-0.03537943623126909,8434.156558616321,805785.30048,71134996.8552507
2011-05-01,9767.877279090912,11623.818101672437,2.4644894330545832,1.6269816093193255,82076.47778,65274.688806666665,67015.80365,3096.443849999996,32365.27993,-1.2098147157355474,-0.5293803984828861,12484.027626987356,783296.26568,155850945.79138356
2011-06-01,10200.037467272728,11923.037420944032,2.4568786854953166,-0.12423405231030182,82076.47778,62860.40789,66319.20894499999,5402.2116099999985,32365.27993,-0.7774901364683622,-0.44298568934799376,14250.684047822453,754324.89468,203081995.83086133
2011-07-01,9836.414992727274,11577.179843148086,2.453807752068128,-0.694195001926639,82076.47778,60732.425871666666,65672.096445,8891.078555000004,32365.27993,-0.4141398375992055,-0.43708045564472886,14707.964342278467,728789.11046,216324215.09373483
2011-08-01,9505.763164545455,11330.28317614269,2.4500157065961883,-1.037565919359895,82076.47778,56943.9153625,63042.42789,7604.530499999997,32365.27993,-0.2523762089866897,-0.4699650694795965,14707.891619439415,683326.98435,216322075.88917616
2011-09-01,9628.302992727275,11505.732401818253,2.446765036066005,-1.1602964698436793,82076.47778,54612.15769583333,56781.01789,10691.943759999998,32365.27993,0.07902212272907805,-0.38655615634229373,14966.557926855072,655345.89235,223997856.1779084
2011-10-01,9909.594174545455,11460.260870273241,2.441722764972476,-1.1143434945277502,82076.47778,52138.5511125,49415.33739,13485.071945,32365.27993,0.3763634014603208,-0.4642170624905544,15419.271967492221,625662.61335,237753948.00749144
2011-11-01,9553.181245454547,11491.682185754355,2.4403128094192756,-0.701102848724239,82076.47778,49737.231362499995,43029.32189000001,8580.229499999998,32365.27993,0.7285910043767868,-0.3748427719136139,15202.074972674489,596846.7763500001,231103083.47481605
2011-12-01,7697.119063636364,8821.370444703733,2.4380752738103904,-0.23857315324661865,82076.47778,47758.482547499996,39970.917,5081.96689,32365.27993,1.0408971392093447,-0.5503772701002473,15198.418781360686,573101.79057,230991933.45361724
2012-01-01,6702.181020000001,8386.640019946037,2.4553281266205422,-0.13466476823057727,67300.9623,44313.3299825,39970.917,4040.6515550000004,32365.27993,1.1372472732495575,-0.39473901103491355,11184.378078784433,531759.95979,125090313.00919378
2012-02-01,7183.082255454544,8465.547581295017,2.4631972321428988,1.7217951217242566,65907.77289,41542.54512416667,38857.5365,2927.271055000001,32365.27993,1.6020306487703664,-0.4833455523245795,9063.800634586452,498510.54149000003,82152481.94352977
2012-03-01,6133.351719999998,7898.512964829011,2.4757539765962955,1.1325818405781067,52913.6,39008.45413333333,37409.129,2561.7880000000005,32365.27993,1.3121739318594505,-0.32911990490157544,5413.211823823104,468101.4496,29302862.249578256
2012-04-01,4445.712259090908,5162.32321818566,2.4808635911530574,0.4497228465649292,45917.07478,37722.568049999994,37193.20849999999,2150.7920000000013,32365.27993,0.7758927828937342,0.15812275009110346,3424.985890286064,452670.8166,11730528.348658623
2012-05-01,4045.4212527272725,4737.06779649715,2.481450535279203,0.7376502879691129,45917.07478,37896.393305833335,37193.20849999999,2150.7920000000013,34051.544,1.0971734960236927,-0.13439815036407426,3193.811485954616,454756.71966999996,10200431.807815632
2012-06-01,3573.496636363636,4293.55544389714,2.481378722199753,1.2439428236524606,45917.07478,37527.773055833335,36505.419945,1268.9929999999986,34051.544,1.3710831174600502,-0.22954974441427173,3208.0383825451713,450333.27667,10291510.263883037
2012-07-01,2822.332919090908,3283.179293461935,2.483220818174231,-0.5740784185445551,40734.647,36520.5116575,35930.265445,1515.8919999999998,33829.938,0.6823063730717395,-0.06307439825858863,2133.401383408887,438246.13989,4551401.462730953
2012-08-01,2476.3527272727256,3006.9141746872183,2.483034570585899,-0.6972716685550977,40734.647,36349.75708333334,35625.911,1570.9714999999997,33829.938,0.7091722200314625,-0.15154449991728036,2239.0209235947473,436197.085,5013214.696295074
2012-09-01,2418.2106363636344,2973.1089914735016,2.4834132244967857,-0.13584166975142464,40734.647,36155.22633333333,35625.911,1570.9714999999997,33829.938,0.7617966853455316,0.05745114813828507,1988.5248311072332,433862.716,3954231.003930051
2012-10-01,2424.4922727272715,2976.0120677503746,2.4834071337420114,-0.13319422469719688,40734.647,36140.50083333333,35537.558,1482.6184999999969,33829.938,0.7785213910447242,-0.06167439908966438,1992.0989089236512,433686.01000000007,3968458.0629348014
2012-11-01,2647.2406363636355,3140.1470310034574,2.4832526495361233,-0.5411244918124201,40734.647,36234.10225,35537.558,1482.6184999999969,33829.938,0.7029110143208095,0.05784215296943794,2096.8993464066216,434809.2270000001,4396986.868960517
2012-12-01,2481.844282727272,2969.5293741028063,2.4832475218714056,-0.5703306717754919,40734.647,36244.3304075,35537.558,1487.3219449999997,33829.938,0.6865301344251118,-0.09103943161702116,2100.435674959686,434931.96489,4411830.024643352
2013-01-01,2242.7957418181813,2440.685922865522,2.4831532007757544,-0.3488969171154994,41079.75694,36273.089569166674,35537.558,1487.3219449999997,33829.938,0.7740629746591362,0.2063992440401527,2163.146663880483,435277.07483,4679203.489457265
2013-02-01,2354.714827272727,2599.4704713677243,2.4832384886605685,-0.6695491452131028,41079.75694,36635.586735833334,36301.311445,1678.0085,33829.938,0.4791607976127969,0.08177286925111402,2124.627424944108,439627.04083,4514041.694824631
2013-03-01,2340.4301909090905,2590.3931899696813,2.4829692603930473,-1.141262806496927,41079.75694,37029.752069166665,37254.577445,1830.6015000000007,33829.938,0.18084644067622008,0.07325188531633593,2307.9890485393425,444357.02483,5326813.448177539
2013-04-01,2166.194827272727,2378.498425400465,2.4824893369528085,-1.3711771904934085,41343.86,37351.49315249999,37416.693945,2425.9215000000004,33829.938,0.13385638521502213,0.20007083646445475,2599.449892878382,448217.91783,6757139.745585431
2013-05-01,2152.8518272727265,2377.1948065252222,2.4822851888742106,-1.3080681409101644,42122.726,37990.7884025,38104.354999999996,2627.726499999997,33829.938,-0.06250460190375441,0.19068711146524134,2746.727747874472,455889.46083,7544513.320943568
2013-06-01,2149.5069181818176,2285.330898709291,2.48182927662487,-1.0692236692279689,43632.816,38678.7879025,38719.7675,2492.040969999998,33829.938,-0.14660597598758485,0.28976931616014184,3025.636230129577,464145.45482999994,9154474.597072719
2013-07-01,2650.2580999999996,2658.2861627557627,2.480297231109473,0.5729260941603913,49369.476,39973.7494025,39633.345,2157.7630000000026,34058.335,0.7996010832210438,0.4495563567625958,3878.466818517978,479684.99283,15042504.862344967
2013-08-01,2309.64319090909,2573.140216304574,2.47978492528925,-0.30433913076155195,49371.577,41249.8529025,40654.21097,2549.8559700000005,35576.435,0.8298226576206921,0.30587763706383975,4225.870843532537,494998.23483000003,17857984.386218395
2013-09-01,2605.909736363636,2634.3910908712346,2.47684150054591,-0.2557871280147901,54861.274,42671.025735833326,41211.80847,2615.6529999999984,35576.435,0.864776349511875,0.5420677760433276,5503.6196517575345,512052.30883,30289829.271211725
2013-10-01,2507.228736363635,2818.3530906008186,2.476817257142638,-1.0148733255346047,54861.274,44080.0874025,41733.293000000005,3013.5255000000034,37026.18789,0.6260250034763426,0.3444628666537306,5668.897614463785,528961.04883,32136400.163273197
2013-11-01,2581.2432718181803,2651.879866384423,2.4756374912397416,-1.368499235765379,55311.172,45436.18298583333,42877.771,5163.922054999999,37026.18789,0.34441772287089445,0.49383922979925216,6220.153582985592,545234.19583,38690310.5959285
2013-12-01,2245.2526309090895,2592.82220070884,2.476268583930071,-1.6137750240269335,55311.172,46930.12566166666,46501.146,5702.709030000002,38401.51,0.12812394083494766,0.33772699970605036,6173.550141283072,563161.5079399999,38112721.34693623
2014-01-01,2550.830636363635,2599.892854248815,2.4745148782083817,-1.267255726735652,60993.105,48589.57133333333,49370.5265,5839.178,38401.51,0.08794763025200994,0.5882996528001112,6999.095838080389,583074.856,48987342.55063421
2014-02-01,2516.0917272727265,2789.1150811825314,2.4755050648793553,-1.3130776352707705,60993.105,50351.78533333333,50928.376000000004,5839.178,40228.665,-0.08398032573079602,0.4802399731634147,6873.109479811367,604221.424,47239633.921472885
2014-03-01,2812.9079572727264,3303.8658690174325,2.4774333850319588,-1.059683553242354,60993.105,51596.72195583332,53673.2245,4302.697999999997,41343.86,-0.3249887736425574,0.33436753292991994,6251.630713825755,619160.6634699999,39082886.582049526
2014-04-01,3298.7276363636356,3930.8892727011016,2.4792437808090577,-0.7366893316452829,60993.105,52238.485455833325,53673.2245,4302.697999999997,42122.726,-0.2967432519329175,0.16433637272193624,5518.471321273618,626861.8254699999,30453525.72371939
2014-05-01,3224.956545454545,3937.175454617815,2.4807710665082667,-0.6823600856579537,60993.105,52757.12612249999,53673.2245,4302.697999999997,43632.816,-0.03939318189671527,0.10802873690297683,4787.432173933977,633085.51347,22919506.820018206
2014-06-01,2761.9666363636356,3564.818908922535,2.4817418448635036,-1.0196984806036067,60993.105,53096.2783725,53673.2245,4302.697999999997,47702.643,0.3912744378256759,-0.033762420326276216,4242.135422167896,637155.3404699999,17995712.940011594
2014-07-01,3111.182545454545,3717.8895210033,2.48061116048307,-0.8628673741307167,60993.105,52637.08595583334,53673.2245,4464.924999999999,43859.167,0.01125610554454294,-0.11165148725146042,4872.143896326564,631645.03147,23737786.14651219
2014-08-01,2756.8607272727268,3291.3191667051015,2.4799489966503065,-1.0868391670878093,60993.105,52310.398205833335,53673.2245,4977.5064999999995,43859.167,-0.0012454214805056119,-0.17152262997027734,5200.5156897451,627724.77847,27045363.439284954
2014-09-01,2560.7650909090908,3258.977075164461,2.479278620536186,-1.201390602235135,60993.105,51507.98178916666,50765.0985,4474.439735,43859.167,0.2533876441438871,-0.13818946016660896,5480.349201843706,618095.78147,30034227.374148954
2014-10-01,2399.652454545455,3123.689501008354,2.478839627327391,-1.2405214536092444,60993.105,50991.38678916667,48695.71799999999,4149.995999999992,43859.167,0.4396260159674795,-0.16317023620472182,5653.33312789217,611896.64147,31960175.45492306
2014-11-01,2577.686,3251.6487390473667,2.4790335453874137,-0.8718119860185647,60993.105,50432.29545583334,48474.244999999995,3132.444499999994,43859.167,0.7279212423062502,-0.11557815243797026,5528.858907364078,605187.54547,30568280.817539107
2014-12-01,2301.7390909090905,2540.122604981431,2.47899177759133,-0.3245586497775297,60993.105,49652.66103916667,48024.5285,2499.922999999999,43859.167,1.0664201506077342,-0.25240915346087067,5495.874411124939,595831.93247,30204635.54285789
2015-01-01,3067.5196363636355,4115.469744725367,2.480468274816145,-0.29865587956375306,59548.078,49192.110622500004,48024.5285,2499.922999999999,43859.167,0.9869886852558348,-0.06854256488345437,4700.225176454271,590305.32747,22092116.709374577
2015-02-01,2806.617224545454,3940.280857552889,2.4818345802707484,-0.918885129791128,55466.5,48726.12520583334,48024.5285,2499.922999999999,43859.167,0.696546145442724,-0.021962977960471447,3850.873103154551,584713.5024700001,14829223.656599158
2015-03-01,2728.2483636363627,3826.853544584044,2.4825682914246734,0.025931121164581405,55466.5,48186.752166666665,48024.5285,2082.5674999999974,43859.167,0.9648508832611771,-0.0071280220855033435,3328.713800714794,578241.026,11080335.567069132
2015-04-01,3333.2674545454533,4362.0326748521575,2.4816405956568413,-0.8246757038892967,56049.246,48770.4375,48024.5285,2499.922999999999,43859.167,0.764040465228178,0.15932581887045444,3978.671743989474,585245.25,15829828.846420243
2015-05-01,3332.7835454545448,4341.6436479047,2.4807608945769672,-1.3810975902885634,56687.694,49465.54416666667,48152.3595,2810.5589999999975,43859.167,0.4966370857754123,0.18835541250827564,4533.790001925813,593586.53,20555251.781562466
2015-06-01,3385.811909090909,4401.391334528214,2.4807451978645987,-1.5382824480437425,56687.694,49845.39941666666,48648.752,3514.3145000000004,43859.167,0.2613572626088777,0.19156175492343486,4561.046741183622,598144.793,20803147.375261735
2015-07-01,3275.5432727272723,4394.445651582352,2.4814018565563343,-1.5729343234480933,56687.694,50577.1445,50478.167,4536.205999999998,45232.277,0.06237458434043151,0.15816445743142707,4234.656377428564,606925.7339999999,17932314.634896412
2015-08-01,3573.8068181818176,4456.925638339962,2.4815714357934238,-1.5075807894503694,56687.694,51467.872,52450.507,3722.3129999999983,45232.277,-0.2349254947382102,0.24115029628068457,4186.674855764137,617614.464,17528246.347887658
2015-09-01,3606.456636363636,4458.576465199594,2.4819061292317186,-1.257544814341425,57552.96,52494.595583333336,53298.1805,3115.6934999999976,45597.887,-0.44910316196376704,0.24341953247885664,4039.7470149698815,629935.147,16319555.944958067
2015-10-01,3484.635727272727,4439.884796153836,2.48222259415949,-0.7502931066140928,58528.971,53514.84025,54711.3765,2260.869499999997,45597.887,-0.6583892905558798,0.2042483740817984,3885.99347371971,642178.083,15100945.27779218
2015-11-01,3939.5460909090907,4681.137746499773,2.4807977535628933,0.6556950450124779,66537.174,55009.431749999996,55757.873,2286.3590000000004,45597.887,0.31940650208958654,0.4592161693808311,4998.763364001058,660113.1810000001,24987635.169279177
2015-12-01,4495.5642727272725,6301.748455967243,2.4818633037730513,1.1506150652542768,66537.174,55422.30458333334,55757.873,2286.3590000000004,48695.428,0.9383238665493766,-0.08859652222512693,4369.347390272248,665067.655,19091196.616878908
2016-01-01,4736.600272727273,6424.483985743934,2.4818536817012022,1.1891903343225891,66537.174,55359.59658333333,55381.625,2456.4259999999995,48695.428,0.978212246898403,0.014043803227032905,4373.660827088246,664315.159,19128909.03040624
2016-02-01,5270.616545454546,7058.189114056946,2.4798878799214004,0.478699866400369,66537.174,54494.8255,55381.625,2931.1179999999986,43579.0,0.14604533500365233,-0.10506998726861996,5457.3043001437,653937.9060000001,29782170.224366914
2016-03-01,4863.224363636365,6627.427957056787,2.477434982562003,0.14106630195242342,66537.174,53829.08116666667,55381.625,2931.1179999999986,40706.496,-0.33899059817163746,-0.2737369562473686,6509.944159524857,645948.974,42379372.9601318
2016-04-01,4851.728545454545,6603.551071822046,2.4746234546705774,-0.5849556751776555,66537.174,52507.85250000001,53677.056,3500.299500000001,40194.502,-0.1984216369812421,-0.29094836703006477,7464.233329748,630094.2300000001,55714779.20092092
2016-05-01,4517.3389090909095,6539.6683389601285,2.4720841645913953,-0.9241310017815731,66537.174,51071.04466666666,52450.507,5590.458500000001,39446.0,0.027565054066619826,-0.2452101768002262,8149.362271463068,612852.536,66412105.431545705
2016-06-01,4592.956272727273,6561.857779347643,2.4701434806971343,-1.148307698526007,66537.174,50104.051916666656,51596.2345,7474.985499999999,39446.0,0.2140985656138975,-0.22764229511079268,8625.355391515563,601248.6229999999,74396755.62994657
2016-07-01,4407.1829090909105,6399.413184920651,2.467987682292344,-1.2118780238425997,66537.174,48984.089083333325,47065.6805,7634.002,39200.554,0.4091178732394676,-0.30173643937000844,9083.70314053197,587809.0689999999,82513662.7453104
2016-08-01,4469.052636363638,6430.8749868200375,2.467636683031218,-0.8722487378308901,66537.174,47746.92016666667,42436.5135,3113.2365000000027,39200.554,0.7362348000466055,-0.2825038538417485,9035.698325532121,572963.0419999999,81643844.23002397
2016-09-01,4434.471727272729,6418.596556885727,2.468560738468629,-0.02807255037264378,66537.174,46441.64416666667,41591.8375,2066.5,39200.554,1.148648269440157,-0.2842920816086105,8647.882233759428,557299.73,74785867.12897196
2016-10-01,3773.034909090911,5742.68771307844,2.470887207430419,1.8430645645878698,66537.174,45116.06708333333,41591.8375,1692.2489999999998,39200.554,1.7182350938798734,-0.35942506364938187,7878.400908392646,541392.8049999999,62069200.87336207
2016-11-01,2635.6315454545474,3807.7065584994116,2.479325987438689,1.30169996698117,54714.004,42833.69174999999,41000.2615,1588.023000000001,39148.67,1.6261207594318179,-0.22558176857456766,4646.374670542923,514004.30100000004,21588797.579062853
2016-12-01,2820.3137272727286,3684.1637655902355,2.478571047587346,3.0058528772083353,54714.004,41367.288583333335,40681.7445,1358.4675000000025,32955.523,1.3683745868327066,-0.3976766350347892,4754.488009982559,496407.463,22605156.237067908
2017-01-01,2367.9699090909107,3081.894904910534,2.4828124972776235,2.4716288866515086,43579.0,40067.350333333336,40425.7475,1251.1355000000003,32955.523,-1.480055827901912,-0.10244051033754784,2548.250078982089,480808.2039999999,6493578.465032223
2017-02-01,2772.7659090909106,3624.0398118912026,2.4814259452579903,0.5973786759967861,42622.046,39084.89075,39820.251000000004,861.4934999999969,31789.485,-1.3584474449098858,-0.21905621648200815,3195.4602000492596,469018.6889999999,10210965.890098855
2017-03-01,2889.915545454547,3633.3088236852254,2.479173259827121,-0.5267894991271813,42622.046,38191.75316666666,39323.277,1652.2330000000002,29988.845,-0.9851161966072169,-0.2539067905356807,4011.106439908462,458301.03799999994,16088974.872275138
2017-04-01,3177.339636363638,3891.8434635232206,2.4787487642882473,-1.1111899563526273,42622.046,37667.12899999999,39174.611999999994,2417.2255000000077,29988.845,-0.6256418034020551,-0.1406223191198093,4124.939960238512,452005.54799999995,17015129.6755725
2017-05-01,3187.781454545456,3858.387684157796,2.4780533281006445,-1.5174814173537627,42622.046,37094.39225,39131.707500000004,3124.1394999999975,29988.845,-0.29046347711870146,-0.19883010039625906,4311.122976436673,445132.70699999994,18585781.31796019
2017-06-01,3082.6109090909104,3861.557184003257,2.477895706488103,-1.5935271149754986,42622.046,36445.703,36506.878500000006,3783.9380000000056,29988.845,0.03921163316600517,-0.16142200439310106,4311.903857294073,437348.4359999999,18592514.8745475
2017-07-01,2945.2700909090922,3790.408637660016,2.477833241657751,-1.500017256605445,42622.046,35966.943999999996,33677.22900000001,2788.0640000000058,29988.845,0.3251146510200642,-0.18982360330224024,4298.372649692032,431603.3279999999,18476007.435620498
2017-08-01,3032.264000000001,3830.2077306070555,2.4786913895691907,-1.0296027568032269,42622.046,35443.10841666666,33677.22900000001,1609.2574999999997,29988.845,0.6033324755436192,-0.16428039691333765,3989.162452960301,425317.301,15913417.076108245
2017-09-01,3889.2278181818187,4933.748969861879,2.4771988339463564,-0.5430405153213611,45167.0,35716.22108333333,33677.22900000001,1609.2574999999997,29988.845,0.8334598617050756,0.05970980370111744,4500.575088196238,428594.653,20255176.124492574
2017-10-01,3719.009363636364,4801.236815577769,2.475173784099776,-0.32187807848105043,46767.973,36061.715000000004,33677.22900000001,1609.2574999999997,29988.845,0.9888781815030595,0.19462482378073126,5132.255218910086,432740.58,26340043.63202982
2017-11-01,3332.07290909091,4282.04945629581,2.471401018062238,-0.829957833024642,48704.819,36858.060750000004,33677.22900000001,1609.2574999999997,29988.845,0.8790168675797624,0.4778954956958201,6183.238852768508,442296.729,38232442.710386015
2017-12-01,2855.372818181819,4048.636033405058,2.4696065743848585,-1.4588723056725643,48704.819,38094.208666666666,34453.506,3564.3410000000003,29988.845,0.49496730228469366,0.221771943035804,6737.424825725903,457130.504,45392893.28230772
2018-01-01,2912.8809090909094,3626.112135726088,2.463260436558506,-1.1916384149873707,55747.147,39480.24216666667,34453.506,3564.3410000000003,29988.845,0.5517432941125362,0.753634794649866,8327.89684545785,473762.906,69353865.8685868
2018-02-01,3275.465636363637,4165.156897588316,2.4637867221081984,-1.4910280178448478,55747.147,40994.291333333334,40087.5,7364.559499999999,29988.845,0.2080324913939741,0.6658885995776095,8442.824798611919,491931.49600000004,71281290.58005637
2018-03-01,3496.1188181818184,4703.638226301045,2.4677889474803303,-1.4026634506780742,55747.147,42130.281166666675,44393.8615,7475.0374999999985,32573.159,0.06429378522937056,0.2867844938961641,7776.396479342824,505563.374,60472342.20393547
2018-04-01,3866.6515454545456,4812.680787548562,2.4693442583627245,-1.2652199494787928,55747.147,43390.5665,45967.4865,3522.7690000000002,32573.159,-0.2641465784915361,0.5049948333227368,7562.827310507883,520686.798,57196356.9285639
2018-05-01,4220.831727272727,5080.27092697073,2.4726977184860983,-0.7576629368773271,55747.147,44411.71083333334,45967.4865,2896.1410000000033,32872.722,-0.4790710122306811,0.36365011087308197,6824.5279274895975,532940.53,46574181.433085464
2018-06-01,4194.355272727273,5083.58652635209,2.47624226474549,0.11589332607400271,55747.147,45432.18183333333,45967.4865,2542.0480000000025,33455.446,-0.6461955009529182,0.3486107463639851,5871.860536989572,545186.182,34478746.16585547
2018-07-01,4680.8095454545455,5356.134855526601,2.479357642938393,1.0438382717694674,55747.147,46979.388416666676,47278.635500000004,2306.0030000000006,35008.0,-0.671804092796266,0.4860010569012798,4873.408195104367,563752.6610000001,23750107.436110407
2018-08-01,4250.419727272727,4809.080961174849,2.481322293355389,-0.469545421225011,57446.637,48849.27483333334,48247.0585,3104.3714999999975,43620.723,0.7744229183427883,0.2718718754843138,4176.24970299414,586191.2980000001,17441061.581758637
2018-09-01,5349.343545454545,6022.355464949517,2.47536382014528,2.108175022192963,71135.772,51013.33916666667,48863.6275,3451.7754999999997,43620.723,1.6284955487102122,0.5210360303620599,7281.3886823821795,612160.07,53018621.14392329
2018-10-01,5536.652272727271,6042.790272114932,2.469321739818349,0.22375987475229486,75133.014,53377.092583333324,49490.2555,4517.622999999996,43620.723,1.2227844279929587,0.5426197148992585,9716.442555989368,640525.1109999999,94409255.94384122
2018-11-01,6275.940181818182,6221.606916047177,2.460713205775602,-0.35049906172277945,84180.702,56333.41616666667,50990.0,6017.367499999997,43620.723,1.0074745527275542,0.7614969359876347,12764.093826141954,676000.9940000001,162922091.20255515
2018-12-01,6005.739727272728,6450.746257584834,2.4579531013877323,-1.1889277108347172,84180.702,58950.56283333333,53884.536,8911.903499999997,43620.723,0.5961868917515665,0.4206118566031731,13911.998198204616,707406.754,193543693.86684847
2019-01-01,6888.244090909091,6957.205277809248,2.4486483399297323,-1.173675321868533,94691.678,62195.94041666666,54734.281,10510.474000000002,43620.723,0.5238881815988748,0.8954228720782377,16988.476630883826,746351.2849999999,288608338.2380859
2019-02-01,8201.061727272727,9641.308495127123,2.4505961800682705,-1.3107128830303343,94691.678,64192.21183333333,64291.2045,15086.311000000002,43620.723,0.2406303117693766,0.6944545371244764,16839.959371461657,770306.5419999999,283584231.63247925
2019-03-01,8566.72409090909,10197.195133104444,2.4565545665578465,-1.1325981210782232,94691.678,65931.26266666666,67812.55249999999,13586.5665,44826.891,0.153456538347389,0.3155064958420262,15662.112815502858,791175.1519999999,245301777.84553885
2019-04-01,8820.077363636363,10366.438550746296,2.459186864367678,-0.9799559224113024,94691.678,66638.30149999999,67812.55249999999,10874.210500000001,44826.891,0.13488879875694626,0.2828661706652821,15062.87909786581,799659.6179999999,226890326.71692273
2019-05-01,9012.716636363635,10368.332932270832,2.4643633384703705,-0.75483583735403,94691.678,67895.84533333335,67812.55249999999,10335.782999999989,45118.374,0.22391333864704785,0.3280047946763329,13763.295339273605,814750.1439999999,189428298.59607056
2019-06-01,9192.119454545455,10479.431714437653,2.4705170580379776,-0.5763659324973678,94691.678,69868.84741666667,69965.0855,9638.820500000002,52021.925,0.4228190732899294,0.322411637016508,11931.82346658804,838426.169,142368411.23782107
2019-07-01,8906.355818181819,10452.845027794448,2.473745909668904,-0.29581390596301116,94691.678,71076.44425,69965.0855,7352.862500000003,57446.637,0.6213378093238779,0.1578238600807911,10738.055153436306,852917.331,115305828.47824001
2019-08-01,8161.605000000001,9779.887479158955,2.4756819881899363,0.013658062112651859,94691.678,72290.05475,71572.8675,6071.657499999994,57506.902,0.6352022324430436,0.012289049172053776,9920.918757751246,867480.6570000001,98424628.99790053
2019-09-01,8403.802090909092,9871.31224580137,2.475253465022696,-0.057323898878915536,94691.678,71807.7865,70402.18100000001,5483.238000000012,57506.902,0.7176476194767123,-0.13022851712031672,10104.275637379187,861693.438,102096386.15613459
2019-10-01,7816.60090909091,9359.975893493942,2.4746059786563617,0.034020730702491786,94691.678,70776.7085,67653.743,5576.626999999997,57506.902,0.9110386439063362,-0.25446003051863364,10340.869817310757,849320.502,106933588.5785686
2019-11-01,7944.9745454545455,9593.224595266858,2.4759918136550465,1.4943522481570062,94691.678,69524.80266666667,67653.743,4624.942500000001,57506.902,1.3316975051121085,-0.12674055999807474,9519.05791789391,834297.632,90612463.64421873
2019-12-01,7031.053545454546,8111.376210893218,2.476480316772466,3.037431883470898,94691.678,68234.74308333333,65930.82,3198.8769999999968,57506.902,1.7987846405649823,-0.32713893822855267,9163.451507274796,818816.917,83968843.52617674
2020-01-01,5973.165454545454,6485.6605434189305,2.482161271894449,-0.9526656736189434,73913.332,66415.09658333333,65930.82,3198.8769999999968,57506.902,-0.1127396148826657,-0.014306106508633608,4909.842433019709,796981.159,24106552.717080895
2020-02-01,6076.684,6640.946376678587,2.4825824458688888,-0.8417990713699113,72855.92,65446.753666666664,64918.943,3250.591000000004,57506.902,0.0496259185308288,-0.03405394191315333,4460.873732517867,785361.044,19899394.457467888
2020-03-01,6295.6594545454545,6895.810157888291,2.4810039332580294,-0.5770419073140776,72855.92,64481.14725,64531.448000000004,4438.491000000002,52902.056,-0.3668521509787179,-0.08007466651568197,5657.272382236811,773773.767,32004730.80681936
2020-04-01,7406.06709090909,7922.973968180581,2.4734705099017873,1.8380555178461933,72855.92,62878.66016666667,64531.448000000004,4438.491000000002,38277.057,-1.5135791901869196,-0.36116977472510203,9088.70838127283,754543.922,82604620.03981899
2020-05-01,7483.310363636363,7395.664841460585,2.457688259342878,0.6272833888093428,72855.92,60264.742,64531.448000000004,4444.667499999996,28550.399,-1.3721658668179455,-0.5849894843910185,13162.209718002685,723176.904,173243764.66068432
2020-06-01,7553.233454545453,7640.705316232433,2.446426182216247,-0.7645199473759514,72855.92,57165.28083333333,63237.2105,7346.686999999998,28550.399,-0.886156012533085,-0.5248925222791117,15034.704458290258,685983.3699999999,226042338.14813295
2020-07-01,7561.741363636363,7650.401353771688,2.4407105051409377,-1.3615821476375096,72855.92,54721.80091666666,62526.6475,9553.953500000003,28550.399,-0.4989539909514251,-0.4835252449720048,15685.551313757958,656661.6109999999,246036520.016534
2020-08-01,7715.092090909089,8222.333656136549,2.442352978587993,-1.444407402724835,72855.92,52515.937,57597.63649999999,11809.117999999999,28550.399,-0.2794170898903451,-0.3031277065920649,14942.8928248076,630191.244,223290045.97368646
2020-09-01,7713.697363636363,8310.800561384354,2.4436063249588966,-1.3644757055092893,72855.92,51079.61833333334,50507.3925,12729.818,28550.399,-0.06992826113653099,-0.2333864052877691,14460.972256460558,612955.42,209119718.60212198
2020-10-01,7477.760545454544,8122.733541205245,2.4450774238123314,-1.2040002990884864,72855.92,50175.87666666667,50013.9535,12550.944499999998,28550.399,0.06893937738393074,-0.24932322921863712,14035.37393266434,602110.5199999999,196991721.4297137
2020-11-01,7615.022545454543,8363.220331995031,2.4487500062417573,-1.0178025220647324,72855.92,49318.436416666664,50013.9535,12008.079999999998,28550.399,0.05287110608798895,-0.07605499439898489,13134.960143914792,591821.237,172527177.98223007
2020-12-01,7543.816999999999,8047.65411344507,2.4514785604814193,-0.6445879760720454,72855.92,48218.093916666665,49311.481,10295.746,28550.399,0.19934035222587088,-0.30671065577100665,12416.30428482066,578617.127,154164612.09325588
2021-01-01,7262.921636363634,7979.460733763664,2.45893047587384,-1.086392240074891,62293.217,46978.691166666664,49311.481,9114.337,28550.399,-0.3261984809205202,-0.0691910003620458,10487.590010752183,563744.294,109989544.23362897
2021-02-01,6530.896636363635,7473.6155278001925,2.461100935432982,-1.09553330066935,58868.549,46507.93983333333,49311.481,8002.1630000000005,28550.399,-0.4759760643422374,0.07073723183839971,9899.926884527798,558095.278,98008552.3189963
2021-03-01,5751.516818181818,6213.060253185716,2.4614538828504426,-1.0633884362896808,58868.549,46315.46683333333,49311.481,8002.1630000000005,28550.399,-0.4495217798708963,0.3217416375558862,9795.645322801434,555785.602,95954667.29012161
2021-04-01,5028.7856363636365,5182.002582971434,2.4629806591232932,-0.6427015114168744,58868.549,47489.795000000006,50551.3065,5552.302500000002,28550.399,-0.7758266798724418,0.8342649081716862,9604.411392606418,569877.54,92244718.19842798
2021-05-01,5326.080636363637,5709.883655747097,2.471559805210646,-0.031589627410958165,58868.549,48947.95208333334,50551.3065,4757.3665,31600.865,-0.8282373175540415,0.457184289100947,7771.739329901956,587375.425,60399932.2119449
2021-06-01,5013.211636363637,5559.255499354569,2.4781286708278456,0.057479418431615414,58868.549,50330.979,50551.3065,3470.7999999999993,37191.328,-0.49230666822157,0.295925437241714,5784.233178425051,603971.748,33457353.46239317
2021-07-01,4812.955272727274,5376.187333131789,2.4801297860021108,-0.8894821139924138,58868.549,50736.01333333333,50551.3065,3470.7999999999993,42051.74,0.13509709840446432,-0.07658952442178012,4961.644366470091,608832.1599999999,24617914.819324393
2021-08-01,5331.442000000002,5881.21985654347,2.48064428217946,-0.5809218230035214,58868.549,51135.06591666667,50551.3065,2396.347999999998,42051.74,0.014527092593584229,0.046048063496876256,4714.053447337006,613620.791,22222299.904349916
2021-09-01,5346.813636363638,5873.113831110849,2.4804082860941015,-0.7406971015945265,58868.549,50988.729333333344,50551.3065,3274.3674999999967,42051.74,0.044168107736835174,-0.10706864955755324,4831.39888358669,611864.7520000001,23342415.17232272
2021-10-01,4787.736000000001,5411.023257344856,2.4801744374632517,-0.8516997405459303,58868.549,50592.481750000006,50419.229999999996,3660.7814999999937,42051.74,0.24347799152742822,-0.19888959722788474,4933.086528948908,607109.7810000001,24335342.70209719
2021-11-01,4394.543090909092,5053.315523913364,2.481261459348754,-0.35571426681736007,57983.087,49952.88608333334,50419.229999999996,2740.532499999994,42051.74,0.22174448100506006,0.013525338519028368,4271.835435362639,599434.633,18248577.98681991
2021-12-01,4202.171818181819,4674.665210313882,2.4809754162886306,-0.5232392789065274,57983.087,49563.419250000006,49262.707500000004,3006.1525,42051.74,0.3986496956564553,-0.20948274106206174,4413.951774356968,594761.0310000001,19482970.26634902
2022-01-01,4348.745727272728,4815.653075956033,2.482182765800091,0.06387005099963128,56644.201,48797.14783333333,48492.509000000005,2290.0220000000045,42051.74,0.3170512498679651,-0.13869682794183996,3610.8668655937004,585565.774,13038359.521042474
2022-02-01,4717.212545454546,5336.820542801462,2.481653864672067,0.05289607463720403,52368.995,47300.37058333333,47678.6975,2245.797999999999,38682.874,-0.8320734980172863,-0.23540118096835916,3767.1662691632564,567604.4469999999,14191541.699521407
2022-03-01,4953.879454545454,5513.181286979536,2.481550143075686,-0.4342849115355367,52368.995,46672.907666666666,46758.4485,2799.5800000000017,38682.874,-0.48470154658740305,-0.1777038111959186,3793.563083524519,560074.892,14391120.868680054
2022-04-01,5465.974818181818,6309.078196234525,2.4809182796192846,-0.21574195545819252,55016.585,46893.54016666667,46758.4485,2799.5800000000017,38682.874,-0.06881272531475245,0.1947586363913148,4176.131049960254,562722.4820000001,17440070.546442136
2022-05-01,5820.532272727271,6585.660032808567,2.4808858620345857,-0.25269360049329714,55016.585,47136.812249999995,47678.6975,2245.797999999999,38682.874,-0.23050376147166965,0.015983525843872824,4204.736669642248,565641.747,17679810.461034182
2022-06-01,5625.544909090908,6428.626474650041,2.4808100539646745,-0.3526400427355467,55016.585,46867.626749999996,46758.4485,2889.4395000000004,38682.874,-0.047597891727942834,0.06932464625720604,4231.548661618307,562411.5210000001,17906004.075643685
2022-07-01,4951.014454545453,5909.092055508155,2.481139239042013,-0.05609031765559136,55016.585,47039.174250000004,46758.4485,2428.6195000000007,38682.874,-0.06788773459473114,-0.12354730874981949,4071.536737335325,564470.091,16577411.403471185
2022-08-01,5106.733181818181,6053.331505969296,2.481195025363428,0.020701302388367093,55016.585,46994.71808333333,46758.4485,2428.6195000000007,38682.874,-0.05510529447029752,0.0741654117237446,4038.1572415290993,563936.6170000001,16306713.907313906
2022-09-01,5458.461636363635,6215.486036203985,2.4811298237805435,-0.06772438040209394,55016.585,46891.84583333333,46498.419,2428.6195000000007,38682.874,0.014192642499741621,-0.04321405968383481,4068.709177899788,562702.15,16554394.374325966
2022-10-01,5317.075454545454,6135.087757665001,2.4811249884547526,-0.0798592204633426,55016.585,46928.50933333333,46718.4,2428.6195000000007,38682.874,-0.012442983554951999,-0.07018935897616954,4072.942281465437,563142.1120000001,16588858.828148881
2022-11-01,4968.660090909091,5937.949007285997,2.4813630510551685,0.2541511105519292,55016.585,46756.090083333336,46718.4,2327.5594999999994,38682.874,0.02588568252207464,0.0717273265567882,3930.034651072334,561073.081,15445172.358629242
2022-12-01,5182.489363636364,6075.339789990311,2.4812046969090336,0.041173213688431964,55016.585,46588.12491666666,46361.195999999996,2573.25,38682.874,0.11848045221987433,-0.10180368751797328,4008.039648547247,559057.499,16064381.82432674
2023-01-01,4689.216454545454,5387.451210047629,2.4812251648117947,0.07876772985621816,55016.585,46564.13933333333,46361.195999999996,2573.25,38682.874,0.1328203304352544,0.2537848919912205,3995.6461048800206,558769.672,15965187.795442881
2023-02-01,4763.363545454546,5525.453927350919,2.48233872975151,0.09746089432632266,55016.585,46949.26933333333,46361.195999999996,2573.25,43062.825,0.84349169988444,0.005610616581703686,3395.017031723046,563391.232,11526140.64568956
2023-03-01,3883.8235454545456,4156.62896000828,2.4826170856381653,0.3779514177794834,55016.585,47159.30508333333,46591.711500000005,2428.6195000000007,43304.434,0.9312395460612428,-0.17146340508048616,3221.617811593798,565911.661,10378821.323978411
2023-04-01,3671.7023636363638,3992.591195468313,2.4836685598185975,-1.644766447373491,49794.753,46682.836083333335,46591.711500000005,2428.6195000000007,43304.434,-0.0527022941109237,0.006767910723896005,2321.3294687141915,560194.033,5388570.502320911
2023-05-01,3504.6756363636373,3856.590393122828,2.4837644817176523,-1.49760944343805,49794.753,46530.179000000004,46359.459,2194.8464999999997,43304.434,0.05670323939738122,0.048228786280914364,2224.266467423924,558362.148,4947361.318106501
2023-06-01,3590.681000000001,3866.294421205447,2.4837358748532647,-1.4844870623745872,49794.753,46861.13008333333,47367.9165,1857.8515000000007,43304.434,-0.2600923002446123,0.1094543429869344,2262.1846551488475,562333.561,5117479.41399091
2023-07-01,3200.5108181818196,3518.133458562931,2.4837332854953775,-1.1271701854274927,50330.946,47379.51641666667,48050.085999999996,1496.7690000000039,43304.434,-0.5074558896479995,0.010768062249450391,2285.054186912806,568554.197,5221472.637127745
2023-08-01,2792.4703636363647,3187.0979691516204,2.4836635560364138,-1.1333749105891642,50515.031,47439.53958333333,48050.085999999996,1764.8655000000072,43304.434,-0.43273787452925694,0.11951556553408295,2356.065262040311,569274.475,5551043.518993081
2023-09-01,3479.6440000000007,4196.5994400413265,2.4813015921749373,2.5705175045485635,60551.887,48725.344916666676,48719.189,1597.6410000000033,43304.434,1.5014163665090314,0.27209394991853914,4216.40325191536,584704.139,17778056.382762417
2023-10-01,4137.668181818183,4732.628650287885,2.475775129693471,1.7177562951627978,69314.354,50534.860333333345,49031.3725,1689.6835000000028,43304.434,1.6089136928578873,0.41099731151768465,7051.511648016998,606418.324,49723816.5221194
2023-11-01,3804.825181818182,4167.68452120981,2.470914601215934,-0.17624833837764609,70956.402,52354.19633333333,49118.666,2759.2069999999985,43304.434,1.1329652043948104,0.6192310229725446,9000.073506911192,628250.356,81001323.12980475
2023-12-01,4006.1514545454556,4320.373380372379,2.4659722911798942,-0.6998535233922545,77849.945,55189.93766666667,49814.9515,3455.492500000004,43304.434,0.9054860401776087,0.6051534058667999,11002.792551985069,662279.2520000001,121061443.9420181
2024-01-01,5018.532545454546,5117.237386050059,2.4539449739853483,-0.100120985557552,94181.706,58996.746250000004,50422.98850000001,5979.144500000006,43304.434,1.0048981216545456,1.1748744250992866,15150.46368965485,707960.9550000001,229536550.0115501
2024-02-01,5248.412909090911,5775.75427366783,2.451890908802099,-0.9759132868827778,94181.706,62835.89358333333,55533.459,9174.000000000004,45583.254,0.6657156682468135,0.9606806043289494,16467.42017658358,754030.723,271175927.27215195
