timestamp,0,1,2,3,4,5,6,7,8,9,10,11,12,13,14,15,16,17,18,19,20,21,22
199101,-0.31196942546181605,-0.5036628526534344,0.7549477475530793,3.0,0.2571233586732893,1.6380624959371062,1.0,3.0,0.04000000000000001,0.0,0.28356833376420193,4.0,0.5,0.9166666666666667,-0.16666666666666663,1.0271626370065259e-33,3.0,1.7677614722893296,0.0,0.0,1.1780972450962501,1.1982703386749827,550.568
199102,0.020658414983965645,-0.177799104646924,0.6715026624256174,3.0,0.29110316603236874,1.7709515550544317,1.0,3.0,0.12000000000000002,0.0,0.28987787449119695,3.0,0.5,0.75,0.16666666666666674,0.0,3.0,2.019814992492946,0.0,0.0,1.1780972450962501,1.3488833130925721,459.179
199103,0.10931691735395899,-0.08867113169166274,0.6898079404093563,3.0,0.19787639739263913,1.837622443814368,1.0,3.0,0.08000000000000002,0.0,0.29891483677310005,3.0,0.5,0.5833333333333333,0.33333333333333326,0.0,3.0,2.019814992492946,0.0,0.0,1.1780972450962501,1.5422477674849333,683.635
199104,0.09288683509670609,-0.10486293137655948,0.6804490508961959,3.0,0.19095425048844378,1.9052543108676587,1.0,3.0,0.12000000000000002,0.0,0.3094606578933481,3.0,0.5,0.41666666666666674,0.125,2.5679065925163148e-34,4.0,2.0198149924929463,0.0,0.0,1.1780972450962501,1.5470369649389062,667.137
199105,0.07613042283953986,-0.12169365193061932,0.6796544097815131,3.0,0.24327906486489848,1.9074111061813428,1.0,3.0,0.08000000000000002,0.0,0.30932842414801526,3.0,0.5,0.25,-0.08333333333333337,0.0,4.0,2.019814992492946,0.0,0.0,1.1780972450962501,1.5537527615655065,695.527
199106,0.043307002433011776,0.24129790172224208,0.6805193573294094,3.0,0.24327906486489848,1.9113001758306885,1.0,3.0,0.04000000000000001,0.0,0.3013590787281347,3.0,0.5,0.08333333333333326,-0.16666666666666663,4.1086505480261036e-33,4.0,1.893788232391138,0.0,0.0,1.1780972450962501,1.5050540323065618,519.652
199107,-0.6918438139952805,-0.10593084075972845,0.6730223659682386,3.0,0.24327906486489848,1.8001023773689995,1.0,3.0,0.04000000000000001,0.0,0.2985852001427177,3.0,0.5,-0.08333333333333337,-0.08333333333333337,0.0,4.0,2.019814992492946,0.0,0.0,1.1780972450962501,1.503835291305495,550.568
199108,-0.6456276367163583,-0.45137588306891224,0.697449362261984,3.0,0.24327906486489848,1.9262161602196606,1.0,4.0,0.04000000000000001,0.0,0.29762728859734966,3.0,0.5,-0.16666666666666663,-0.25,0.0,4.0,2.019814992492946,0.0,0.0,1.1780972450962501,1.5022191645879732,459.179
199109,-0.4021682272567028,-0.5855647930690854,0.6757630418526271,2.0,0.24327906486489848,2.0650948642569804,1.0,4.0,0.08000000000000002,0.0,0.30284076491891365,6.0,0.5,-0.41666666666666663,0.0,2.5679065925163148e-34,4.0,1.893788232391138,0.0,0.0,1.1780972450962501,0.7815316053427617,683.635
199110,-0.4736418679216111,-0.2871189055465752,0.6469408889812248,3.0,0.218011910943328,2.252222964440901,1.0,4.0,0.04000000000000001,0.0,0.16075006739146225,4.0,0.5,-0.5833333333333333,0.16666666666666674,0.0,4.0,1.9722469794234416,0.0,0.0,1.1780972450962501,0.8820401341368329,667.137
199111,0.22879576845908495,0.0397226670758945,0.7653795838532146,3.0,0.218011910943328,-1.3875788781010134,1.0,2.0,0.12000000000000002,0.0,0.05704801254219464,1.0,1.5,-0.75,0.33333333333333326,1.0271626370065259e-33,3.0,1.7201934592198251,0.0,0.0,1.1780972450962501,0.8219980896753556,695.527
199112,0.48457140663379294,0.6294133331102492,0.6549983517300185,3.0,0.48205741652081247,0.6584633077871473,1.0,4.0,0.053333333333333344,0.0,0.2844333877852325,3.0,0.5,0.0,0.16666666666666674,2.5679065925163148e-34,2.0,1.594166699118017,0.0,0.0,1.1780972450962501,1.196144564071669,519.652
199201,0.8024600757575027,0.9273307020458459,0.6544208348802556,3.0,0.3704856408637076,1.1021488520843183,1.0,4.0,0.12000000000000002,0.0,0.2814898504932244,3.0,0.5,0.16666666666666674,0.08333333333333326,0.0,2.0,1.7677614722893296,0.0,0.0,1.1780972450962501,1.4158203268638996,751.962
199202,0.4974456156720968,0.6391371744091272,0.5477269045419291,1.0,0.4228104552401626,1.9434328199735695,1.0,4.0,0.03581267217630854,0.0,0.29233838656146305,1.0,1.0,0.33333333333333326,0.0,4.1086505480261036e-33,2.0,1.7201934592198251,0.0,0.0,1.96349540849375,1.3181590460502985,518.45
199203,-0.12540064403936935,0.633099030865669,0.5255837162710627,1.0,0.2571233586732892,-0.04700906201668221,1.0,4.0,0.03856749311294766,0.0,0.28685918330681126,3.0,1.0,0.16666666666666674,0.0,1.0271626370065259e-33,2.0,1.720193459219825,0.0,0.0,1.96349540849375,1.4453621636303586,405.85
199204,1.1025285427021483,0.17049599232252888,0.6045867320893851,3.0,0.8979457248567797,-0.12412229385669936,1.0,4.0,0.024793388429752063,0.0,0.2017135087521348,3.0,1.0,0.08333333333333326,0.41666666666666674,9.244463733058733e-33,2.0,1.8462202193216335,0.0,0.0,1.570796326795,1.2870345979518591,524.716
199205,0.27917467328379597,-0.5035336236439422,0.6202061324568127,3.0,0.8979457248567798,-0.015559647522920071,1.0,4.0,0.027548209366391182,0.0,0.20229583861143077,3.0,1.0,0.0,0.33333333333333326,0.0,3.0,1.8462202193216335,0.0,0.0,1.570796326795,1.285051443990146,389.89
199206,-0.5006706843771834,-0.3461889678132289,0.6955607192648824,1.0,0.8299861101386207,0.1557925197069056,1.0,4.0,0.1111111111111111,0.0,0.2023820905818657,2.0,0.3333333333333333,-0.08333333333333337,0.6666666666666667,0.0,3.0,2.1458417525947544,0.0,0.0,1.1780972450962501,1.1859602558484506,555.354
199207,-0.1146823466853093,-0.3734497499732604,0.6958453932130693,1.0,0.8639659174977004,0.41624576937911456,1.0,4.0,0.16666666666666669,0.0,0.2642476973521217,2.0,0.25,-0.25,0.5,2.5679065925163148e-34,3.0,2.019814992492946,0.0,0.0,1.570796326795,1.1164607212404865,615.944
199208,-0.15998713524778077,-0.4164804563783158,0.6853737275081079,1.0,0.7253364813857113,0.46041618199838746,1.0,4.0,0.16666666666666669,0.0,0.2668752834406835,2.0,0.25,-0.33333333333333337,0.33333333333333326,1.0271626370065259e-33,3.0,2.1458417525947544,0.0,0.0,1.570796326795,1.131709329734047,493.884
199209,-0.6076345131291174,-0.45046048037442943,0.7372132165673142,1.0,0.8639659174977002,-0.2904605435115741,1.0,3.0,0.16666666666666669,0.0,0.270691166263574,6.0,0.25,-0.5,0.33333333333333326,0.0,3.0,2.019814992492946,0.0,0.0,1.1780972450962501,1.0990625039431259,526.212
199210,-0.5183589338169319,-0.35334786831042997,0.6816805559943339,2.0,0.8910235779525845,-0.3334769389368204,1.0,2.0,0.16666666666666669,0.0,0.31841791842640366,6.0,0.25,-0.5,0.16666666666666674,0.0,3.0,1.8462202193216333,0.0,0.0,1.570796326795,1.0636135301588432,571.528
199211,-0.46935650057995926,-0.2956016774152317,0.5897577939753543,1.0,0.916290731874155,-0.3837069043573173,1.0,3.0,0.046831955922865015,0.0,0.13203168914583974,6.0,1.0,-0.6666666666666667,0.0,1.6049416203226967e-33,3.0,1.6726254461503207,0.0,0.0,1.96349540849375,1.0172710865820291,683.902
199212,-0.4665901128812947,-0.2903684798026176,0.6251640327463858,2.0,0.6660895201050611,0.17484572374234442,1.0,3.0,0.046831955922865015,2.0,0.11994830293798019,2.0,1.0,0.33333333333333326,-0.16666666666666663,6.419766481290787e-35,3.0,1.6726254461503207,0.0,0.0,1.570796326795,1.0930575992342002,443.55
199301,-0.3894205179521402,-0.21991844450037734,0.5807359883737617,2.0,0.6730116670092564,-1.81594715106707,1.0,3.0,0.03856749311294766,0.0,0.2438092940231861,2.0,1.0,0.16666666666666674,-0.16666666666666663,2.5679065925163148e-34,2.0,1.7201934592198251,0.0,0.0,1.96349540849375,0.9732881449619113,406.526
199302,-0.370411451512808,-0.5343092846004409,0.6326799866753698,2.0,0.8639659174977002,-1.4683357284996317,1.0,4.0,0.08000000000000002,0.0,0.19011754691705338,2.0,0.5,0.33333333333333326,0.16666666666666674,1.6049416203226967e-33,2.0,2.1458417525947544,0.0,0.0,1.570796326795,1.3163633959039682,398.644
199303,-0.8607115112870115,-1.0149368480590015,0.7310076160101329,3.0,0.8116411031212455,-1.073604328962369,1.0,4.0,0.08000000000000002,0.0,0.2531184370688583,1.0,0.5,0.16666666666666674,0.33333333333333326,2.5679065925163148e-34,3.0,2.019814992492946,0.0,0.0,1.1780972450962501,1.2597100185616774,653.428
199304,-1.0321430750199374,-1.1799232011929157,0.6219539871112012,2.0,0.8639659174977004,0.4277943475807209,1.0,4.0,0.005509641873278238,0.0,0.24441400496076846,2.0,1.0,0.33333333333333326,0.5833333333333333,4.1086505480261036e-33,4.0,2.1458417525947544,0.0,0.0,1.570796326795,1.413792462896473,486.498
199305,-0.9949821313904843,-1.1420020403723894,0.6010939649874126,2.0,0.8116411031212455,0.22110260715749686,1.0,4.0,0.013774104683195593,0.0,0.2688518359440285,2.0,1.0,0.16666666666666674,0.41666666666666674,0.0,4.0,2.019814992492946,0.0,0.0,1.570796326795,1.334366206463917,489.65
199306,-0.7748906220528102,-0.31049825535072434,0.6263593881644662,2.0,0.5683620382563468,-0.2439030067322627,0.9090909090909091,3.0,0.013774104683195594,0.0,0.2868339590015391,6.0,1.0,0.0,0.41666666666666674,4.1086505480261036e-33,4.0,2.019814992492946,0.0,0.0,1.570796326795,1.4474577839722726,561.4
199307,-0.7787957214502299,-0.3153335462669699,0.6025846268940851,2.0,0.7593162887447906,-0.2254657318169273,0.9090909090909091,3.0,0.013774104683195594,0.0,0.285334779747711,2.0,1.0,-0.16666666666666663,0.25,4.1086505480261036e-33,4.0,2.019814992492946,0.0,0.0,1.570796326795,1.443837949108999,301.4
199308,-0.0806921882927073,0.09599852865989816,0.5808216248169117,2.0,0.6730116670092563,-1.2695099737920257,0.9090909090909091,4.0,0.02203856749311295,0.0,0.2513903649760489,3.0,1.0,0.0,0.16666666666666674,6.419766481290787e-35,4.0,1.893788232391138,0.0,0.0,1.570796326795,1.3827669473416482,450.5
199309,-0.7471972894776134,-0.04686123889860416,0.6268872102950839,2.0,0.6730116670092563,-1.0063585544808396,0.9090909090909091,3.0,0.013774104683195594,0.0,0.2560656658563454,3.0,1.0,-0.16666666666666663,0.0,4.1086505480261036e-33,4.0,2.019814992492946,0.0,0.0,1.570796326795,1.2307705903846606,256.2
199310,-0.04048451361080463,0.32454895847669707,0.6514420268260419,1.0,0.8639659174977002,-0.9280870152568194,0.9090909090909091,5.0,0.07407407407407407,0.0,0.2847589351865431,3.0,0.3333333333333333,-0.33333333333333337,0.8333333333333333,6.419766481290787e-35,4.0,2.1458417525947544,0.0,0.0,1.570796326795,1.069721977463183,479.95
199311,0.01925863796394245,0.18989027671108882,0.5722590353260841,1.0,0.6390318596501767,-0.5575725671549839,0.9090909090909091,5.0,0.013774104683195594,0.0,0.28097147696829583,1.0,1.0,-0.16666666666666663,0.6666666666666667,6.780878345863394e-34,3.0,2.019814992492946,0.0,0.0,1.570796326795,1.1501147750493077,336.5
199312,0.14657987702247433,0.32710394577915347,0.5464283109341587,1.0,0.6390318596501768,-0.07788302753764445,0.9090909090909091,5.0,0.04683195592286501,0.0,0.27017308281333685,2.0,1.0,-0.08333333333333337,0.5,2.3111159332646834e-33,2.0,1.6726254461503207,0.0,0.0,2.3561944901925003,1.2782678647773302,429.2
199401,0.1574199546203966,0.3379106808383121,0.5505903600711298,1.0,0.6660895201050612,-0.020029603315857517,0.9090909090909091,5.0,0.06336088154269973,0.0,0.2831994908956068,2.0,1.0,-0.25,0.33333333333333326,2.5679065925163148e-34,2.0,1.499030672979008,0.0,0.0,2.3561944901925003,1.0224769021328792,314.25
199402,0.2165741493685469,0.38854794137522863,0.5582077473673087,1.0,0.47513526961661723,-0.10693480659252495,0.9090909090909091,5.0,0.06336088154269973,0.0,0.26987435031918616,3.0,1.0,-0.41666666666666663,0.33333333333333326,2.5679065925163148e-34,2.0,1.499030672979008,0.0,0.0,2.3561944901925003,0.991521785223567,366.4
199403,0.23745488107012824,0.4077184147852442,0.6090973521570561,1.0,0.4751352696166172,-1.0428912962054264,0.9090909090909091,4.0,0.0881542699724518,0.0,0.2613376701050997,2.0,1.0,-0.5833333333333333,0.33333333333333326,1.0271626370065259e-33,2.0,1.2945451658448959,0.0,0.0,1.570796326795,0.9893950886633527,427.0
199404,0.6656269199794784,0.8305360317303454,0.5002200036593208,1.0,0.725336481385711,-1.5299587368443186,0.9090909090909091,3.0,0.03856749311294766,0.0,0.3093948430079149,4.0,1.0,-0.5,0.16666666666666674,4.1086505480261036e-33,2.0,1.720193459219825,0.0,0.0,2.74889357189125,1.2787632433841802,381.05
199405,-0.12312275597240767,0.047604482204689345,0.4588060860361334,1.0,0.7069914743683359,-1.7100288136686834,1.0,2.0,0.03856749311294766,0.0,0.31817561618246815,4.0,1.0,-0.5,0.0,0.0,2.0,1.7201934592198254,0.0,0.0,2.74889357189125,1.0878749878491132,440.4
199406,-0.08030901459920219,-0.021112513559045715,0.3924304620166396,1.0,0.6730116670092563,-1.9475991180219019,1.0,2.0,0.03856749311294766,0.0,0.32308718505970924,1.0,1.0,-0.33333333333333337,-0.16666666666666663,1.0271626370065259e-33,2.0,1.7201934592198254,0.0,0.0,2.74889357189125,1.1514866943972533,349.0
199407,0.07760159114398239,0.1047106559659437,0.3666228287281261,1.0,0.9502705392332346,0.8995697008936784,1.0,3.0,0.046831955922865015,0.0,0.3572265965029543,1.0,1.0,0.0,-0.33333333333333337,0.0,2.0,1.6726254461503207,0.0,0.0,2.74889357189125,1.1315134596450505,416.2
199408,0.3933325419627585,0.5651954996796029,0.3684381508984531,1.0,0.8979457248567797,0.06876712902800942,1.0,2.0,0.06336088154269973,0.0,0.3659447614209132,3.0,1.0,-0.16666666666666663,-0.16666666666666663,0.0,2.0,1.515707952085713,0.0,0.0,2.74889357189125,0.9380337987676516,488.9
199409,0.413713121810505,0.5816130900318308,0.44419210490112815,1.0,0.7593162887447906,2.1658818143101257,1.0,2.0,0.046831955922865015,0.0,0.17872581656616612,3.0,1.0,0.16666666666666674,-0.33333333333333337,4.1086505480261036e-33,2.0,1.5941666991180168,0.0,0.0,2.3561944901925003,0.908604482498875,427.65
199410,0.5740867682675206,0.41642204333106636,0.517072666878979,1.0,0.7593162887447905,-1.874505116362552,1.0,2.0,0.0303030303030303,0.0,0.3314808329125018,2.0,1.0,0.0,-0.25,0.0,2.0,1.8462202193216335,0.0,0.0,2.3561944901925003,1.0717258392086617,504.9
199411,-0.6007654295682476,0.20942010588613802,0.6310085387153078,1.0,0.845620910480325,-0.04041795140717319,1.0,3.0,0.0303030303030303,0.0,0.303362626262113,3.0,1.0,0.8333333333333333,-0.41666666666666663,1.0271626370065259e-33,2.0,1.8462202193216333,0.0,0.0,1.570796326795,0.7587625710716184,455.1
199412,0.21437268087237776,0.04364169873082413,0.7575441389590502,2.0,0.8639659174977002,-0.527853536068299,1.0,3.0,0.16666666666666669,0.0,0.29430444199576306,3.0,0.25,0.6666666666666667,-0.33333333333333337,1.6049416203226967e-33,2.0,2.0198149924929463,0.0,0.0,1.1780972450962501,0.8382008673031801,431.35
199501,0.2109850313272022,0.040398533352090094,0.8089566087949132,4.0,0.8979457248567798,0.2578181656735347,1.0,4.0,0.16666666666666669,0.0,0.22109223637463252,3.0,0.25,0.5,-0.5,3.145685575832486e-33,2.0,2.019814992492946,0.0,0.0,1.1780972450962501,0.8628082220845402,358.45
199502,0.12934804693992474,0.28648072630045274,0.6540690523605411,1.0,0.9686155462506099,-0.025599228742990435,1.0,5.0,0.07407407407407407,0.0,0.2263183744534272,2.0,0.3333333333333333,0.33333333333333326,-0.33333333333333337,5.777789833161708e-34,3.0,1.893788232391138,0.0,0.0,1.1780972450962501,1.261582104784526,314.25
199503,0.22010204128400568,0.05161196230068632,0.8193340214090601,4.0,0.7593162887447907,-0.17232545704403693,1.0,7.0,0.1111111111111111,0.0,0.2203024069650054,1.0,0.3333333333333333,0.16666666666666674,0.25,4.1086505480261036e-33,4.0,2.019814992492946,0.0,0.0,0.7853981633975,1.200843470237054,430.55
199504,0.5511623971712363,0.38288324644146043,0.7872006516031131,4.0,0.6206868526328017,0.6635565697864414,1.0,6.0,0.1111111111111111,0.0,0.1607209157317293,1.0,0.3333333333333333,0.0,0.08333333333333326,5.200010849845537e-33,5.0,2.019814992492946,0.0,0.0,0.7853981633975,1.2244207329055197,385.6
199505,0.5468245855229203,0.37781735973067776,0.8005417902824488,4.0,0.8116411031212455,0.5202757088862344,1.0,6.0,0.1111111111111111,0.0,0.26606630548199406,1.0,0.3333333333333333,-0.16666666666666663,0.5,6.419766481290787e-35,5.0,1.893788232391138,0.0,0.0,0.7853981633975,1.2235387849171826,329.4
199506,-0.279917513724788,0.1881392673741531,0.8936815940968188,2.0,0.9502705392332345,0.6428959915702345,1.0,7.0,0.16666666666666669,0.0,0.2456977377861906,1.0,0.25,-0.16666666666666663,0.5,1.0271626370065259e-33,5.0,2.019814992492946,0.0,0.0,0.7853981633975,1.005908826813194,428.45
199507,0.24662478139352428,0.08343986270075943,0.8781652428841058,6.0,0.9502705392332345,1.040403040833821,1.0,6.0,0.16666666666666669,2.0,0.25712805343639517,1.0,0.25,-0.33333333333333337,0.5,2.5679065925163148e-34,5.0,1.893788232391138,0.0,0.0,0.7853981633975,1.106122094990955,492.3
199508,0.7376191442450692,1.194250023724415,0.8735951453485562,2.0,0.9502705392332345,0.7984253414951893,1.0,5.0,0.04000000000000001,0.0,0.24015027333315872,1.0,0.5,-0.41666666666666663,0.33333333333333326,1.6049416203226967e-33,5.0,1.7677614722893296,0.0,0.0,0.7853981633975,1.1718941647222114,235.4
199509,0.31424548351473325,0.4863779180822545,0.5977289064677709,2.0,0.6660895201050611,-2.7605745816508604,1.0,4.0,0.02203856749311295,0.0,0.255106037059001,3.0,1.0,-0.33333333333333337,0.5,2.5679065925163148e-34,5.0,1.8937882323911377,0.0,0.0,1.570796326795,1.1976649520268086,470.8
199510,0.9287439356905924,0.42751048939420655,0.5045570653060862,1.0,0.8639659174977002,-0.3438823559098061,1.0,3.0,0.005509641873278238,0.0,0.34496314095199565,1.0,1.0,0.0,0.16666666666666674,1.0271626370065259e-33,4.0,2.1458417525947544,0.0,0.0,1.96349540849375,1.2479278096359179,511.9
199511,0.31077733775059047,0.4804596162854695,0.5189351148332354,2.0,1.0025953536096892,-0.30111608811239193,1.0,3.0,0.005509641873278238,0.0,0.35061029862969434,3.0,1.0,0.6666666666666667,0.0,2.3111159332646834e-33,3.0,2.1458417525947544,0.0,0.0,1.96349540849375,1.2478255188209957,500.85
199512,0.9026365191599102,1.0651052167064319,0.5841556470080592,2.0,1.1412247897216785,-0.2625446745867359,1.0,3.0,0.013774104683195593,0.0,0.32524329479951486,3.0,1.0,0.75,-0.16666666666666663,2.3111159332646834e-33,3.0,2.019814992492946,0.0,0.0,1.96349540849375,1.1199741769277733,503.85
199601,0.7914898585556958,0.9461155857511623,0.657922780600385,2.0,1.0819778284410284,-0.17704864951456167,0.9090909090909091,3.0,0.04000000000000001,0.0,0.2908783357114646,3.0,0.5,0.6666666666666667,-0.33333333333333337,1.0271626370065259e-33,3.0,1.8462202193216333,0.0,0.0,1.570796326795,1.0617427363380005,472.8
199602,0.6872590250755439,0.8424148694792086,0.6453238382499581,2.0,0.9502705392332343,-0.1716262622843113,0.9090909090909091,4.0,0.04000000000000001,2.0,0.29098207535164516,1.0,0.5,0.5833333333333333,-0.33333333333333337,1.0271626370065259e-33,3.0,1.8462202193216333,0.0,0.0,1.96349540849375,1.0892463172821456,348.95
199603,0.6803900603372313,0.8416079579448108,0.6215037941264386,2.0,0.8386987635761296,-0.6931788704595508,0.9090909090909091,5.0,0.02203856749311295,2.0,0.29885111170200057,3.0,1.0,0.41666666666666674,-0.25,2.5679065925163148e-34,2.0,1.893788232391138,0.0,0.0,1.96349540849375,1.2835950074775608,464.95
199604,0.6414168803272415,0.8012532459994748,0.6006640876786604,2.0,0.6701112633355436,-0.4434646653895444,0.9090909090909091,6.0,0.030303030303030304,2.0,0.29776736983626717,3.0,1.0,0.33333333333333326,-0.41666666666666663,2.5679065925163148e-34,3.0,1.8462202193216333,0.0,0.0,1.96349540849375,1.2649145214262194,401.3
199605,0.630633856298036,0.7915786401759595,0.5641332130942349,1.0,0.5314818272235544,-0.4642811244933437,0.9090909090909091,6.0,0.03856749311294766,0.0,0.2993486089834649,1.0,1.0,0.16666666666666674,-0.33333333333333337,0.0,3.0,1.7201934592198251,0.0,0.0,1.96349540849375,1.1961222140717562,531.8
199606,0.6558509250225182,0.6558509250225182,0.5307905109742467,1.0,0.5867070452737221,-0.30263132835501166,0.9090909090909091,6.0,0.046831955922865015,0.0,0.3036547607692169,1.0,1.0,0.08333333333333326,0.0,1.0271626370065259e-33,3.0,1.6726254461503207,0.0,0.0,1.96349540849375,1.0390365421333871,384.85
199607,0.6844353458201324,0.6844353458201325,0.5102396918157358,1.0,0.6730116670092565,-0.7751934191866691,0.9090909090909091,6.0,0.0303030303030303,0.0,0.1742919062120043,1.0,1.0,-0.08333333333333337,0.33333333333333326,1.0271626370065259e-33,3.0,1.8462202193216333,0.0,0.0,1.96349540849375,1.061185519414904,483.85
199608,0.6958953267637307,0.6958953267637306,0.5531666304372733,1.0,0.6137647057286063,1.8140455661468358,0.9090909090909091,6.0,0.0303030303030303,0.0,0.3161254721959652,1.0,1.0,-0.16666666666666663,0.16666666666666674,1.0271626370065259e-33,3.0,1.8462202193216333,0.0,0.0,1.96349540849375,0.9834510552470772,356.65
199609,0.6739211633100843,0.5290084982765697,0.5041649563763252,1.0,0.6206868526328014,-0.940209371843071,1.0,5.0,0.0303030303030303,0.0,0.287780399720671,4.0,1.0,-0.33333333333333337,0.5,0.0,3.0,1.8462202193216333,0.0,0.0,2.74889357189125,1.3232498272791506,448.85
199610,0.9967588799176355,0.8512595096366753,0.4956664523813121,1.0,0.6730116670092564,-0.6899130395522427,1.0,4.0,0.04683195592286501,0.0,0.37823433470850387,4.0,1.0,-0.5,0.33333333333333326,1.0271626370065259e-33,3.0,1.6726254461503207,0.0,0.0,2.74889357189125,1.3610965838347724,498.05
199611,1.0333010408839671,0.8851967632944029,0.4636524086203417,1.0,0.6730116670092563,-0.6810871883845757,1.0,3.0,0.03856749311294765,0.0,0.2540443363576829,1.0,1.0,-0.16666666666666663,0.16666666666666674,1.0271626370065259e-33,3.0,1.7986522062521288,0.0,0.0,2.74889357189125,1.4554082645608102,472.55
199612,0.49192584465521905,0.3398528518486472,0.4416346390927054,1.0,0.7253364813857112,-0.7442688635141522,1.0,2.0,0.030303030303030307,0.0,0.2475767599077272,1.0,1.0,0.0,0.0,1.0271626370065259e-33,2.0,1.7677614722893296,0.0,0.0,2.74889357189125,1.2356854721417914,569.5
199701,0.09363361618452737,0.2553899664416891,0.48805350495601646,1.0,0.8979457248567797,-0.24036446179754065,1.0,2.0,0.030303030303030304,0.0,0.17920793516682687,4.0,1.0,0.41666666666666674,-0.16666666666666663,0.0,2.0,1.7677614722893296,0.0,0.0,2.74889357189125,1.1633034849473245,604.2
199702,0.15779149457020825,-0.31481151833906285,0.6653010259104974,1.0,0.6730116670092563,0.1887112543021857,1.0,3.0,0.07407407407407407,0.0,0.17800708696593479,3.0,0.3333333333333333,0.8333333333333333,-0.33333333333333337,1.0271626370065259e-33,2.0,1.8462202193216335,0.0,0.0,1.1780972450962501,0.9865645290640028,425.7
199703,0.13865386349160702,-0.2525001411505276,0.6079638196271252,1.0,0.9502705392332345,-1.387752049072072,1.0,4.0,0.02203856749311295,0.0,0.2782457356047052,2.0,1.0,0.6666666666666667,-0.16666666666666663,1.0271626370065259e-33,2.0,1.893788232391138,0.0,0.0,1.570796326795,1.1794574265495548,405.0
199704,-1.099397116091609,-0.9369871725314892,0.6371250696463202,1.0,0.984250346592314,-1.2107966745669394,1.0,5.0,0.07407407407407407,0.0,0.2720204634010212,6.0,0.3333333333333333,0.5,-0.33333333333333337,0.0,2.0,1.893788232391138,0.0,0.0,1.570796326795,1.2354655673358332,462.1
199705,0.13822355333490388,-0.2544333063313078,0.6892402509255865,4.0,0.9502705392332345,-1.8121386330524045,1.0,5.0,0.04000000000000001,2.0,0.2656008651815135,1.0,0.5,0.33333333333333326,-0.16666666666666663,2.3111159332646834e-33,3.0,1.8462202193216333,0.0,0.0,1.1780972450962501,1.2628631288874534,540.0
199706,0.12778841704771982,-0.26138233599470645,0.7511857896737244,2.0,0.984250346592314,-0.9533075456247405,1.0,5.0,0.04000000000000001,2.0,0.2618547016133911,1.0,0.5,0.25,-0.33333333333333337,1.0271626370065259e-33,3.0,1.7986522062521288,0.0,0.0,1.1780972450962501,1.2198982278900277,570.55
199707,-0.08098145532184531,0.3093626750104468,0.865165996493369,2.0,0.8979457248567797,-1.1733411751745142,1.0,3.0,0.04000000000000001,0.0,0.2617715339343979,4.0,0.5,0.5,0.08333333333333326,5.777789833161708e-34,3.0,1.893788232391138,0.0,0.0,1.1780972450962501,1.2772105867633405,509.3
199708,0.5573763151157789,0.3907255429593548,0.8888697833990299,2.0,1.1752045970807579,-0.7542620635441765,1.0,3.0,0.12000000000000002,0.0,0.2612010918895455,4.0,1.0,0.33333333333333326,-0.08333333333333337,2.5679065925163148e-34,3.0,1.893788232391138,0.0,0.0,1.1780972450962501,1.2649013342357374,272.2
199709,0.2561024114221545,0.8082192983842016,0.702442778567879,2.0,0.4228104552401625,-2.1694431622058654,1.0,3.0,0.04000000000000001,0.0,0.26850683928846564,3.0,1.0,0.16666666666666674,0.16666666666666674,2.3111159332646834e-33,3.0,2.019814992492946,0.0,0.0,1.1780972450962501,1.4713003642889002,494.8
199710,0.5852204358714812,0.40007644980684387,0.6834361827970677,2.0,0.516037223879892,-0.8325845460762902,1.0,4.0,0.12000000000000002,0.0,0.3194193704142958,3.0,0.5,0.0,0.0,0.0,3.0,2.1458417525947544,0.0,0.0,1.1780972450962501,1.4298645309131093,568.95
199711,0.8590135925292641,0.6802375306457251,0.6868646461372878,2.0,0.7069914743683359,-0.7014175714811971,1.0,4.0,0.08000000000000002,0.0,0.3113519464132536,3.0,0.5,0.16666666666666674,-0.16666666666666663,6.419766481290787e-35,3.0,1.8462202193216335,0.0,0.0,1.1780972450962501,1.4544872581084622,558.3
199712,0.767874202200296,0.5923399572171666,0.7423517312114805,2.0,0.6023418456154263,-0.7620296251802735,1.0,4.0,0.12000000000000002,0.0,0.30809091389507615,3.0,0.5,0.08333333333333326,-0.25,2.5679065925163148e-34,3.0,1.893788232391138,0.0,0.0,1.1780972450962501,1.425161917669527,550.45
199801,0.7943155658597933,0.6166215227138887,0.7049569204841771,2.0,0.4297326021443577,-0.7952184124173688,1.0,4.0,0.04000000000000001,0.0,0.2688379024780526,3.0,0.5,0.33333333333333326,-0.41666666666666663,0.0,3.0,1.893788232391138,0.0,0.0,1.1780972450962501,1.334301340504006,555.8
199802,0.5368919938349508,0.7039132402357202,0.8255227542881131,3.0,0.15247372992037955,-0.18424734051390051,1.0,4.0,0.04000000000000001,0.0,0.27407619000785155,3.0,0.5,0.5833333333333333,-0.5833333333333333,0.0,3.0,1.7201934592198251,0.0,0.0,1.1780972450962501,1.390557053264532,452.65
199803,0.5205687840937085,0.690469269144421,0.7342059139570118,2.0,0.23185620475171853,-0.34015434546960727,1.0,4.0,0.04000000000000001,0.0,0.2779375887789375,3.0,0.5,0.41666666666666674,-0.41666666666666663,2.3111159332646834e-33,3.0,1.8462202193216333,0.0,0.0,1.1780972450962501,1.4407452644569336,486.3
199804,0.4676866685677492,0.6468908094562995,0.7095611007464738,2.0,0.17953139037526378,-0.4224858450405664,1.0,5.0,0.04000000000000001,0.0,0.28950601591920117,3.0,0.5,0.25,0.0,2.5679065925163148e-34,3.0,1.8462202193216333,0.0,0.0,1.1780972450962501,1.4559373765132397,503.2
199805,0.43141887422878034,0.6126719081090235,0.7278161245123753,2.0,0.25712335867328917,-0.5134443701009462,1.0,5.0,0.04000000000000001,2.0,0.29180734778783185,2.0,0.5,0.08333333333333326,0.16666666666666674,1.0271626370065259e-33,3.0,2.019814992492946,0.0,0.0,1.1780972450962501,1.4741447116501503,542.3
199806,0.4286160521967983,0.6096688614462886,0.7023628335627213,2.0,0.3112386795830576,-0.5066633228863382,1.0,5.0,0.04000000000000001,0.0,0.2916255615244001,4.0,0.5,0.08333333333333326,0.0,2.5679065925163148e-34,3.0,2.1458417525947544,0.0,0.0,1.1780972450962501,0.9051744309381513,574.4
199807,0.46517456598621987,0.6479343161641604,0.7266584035190171,4.0,0.25712335867328917,-0.45918007588440535,1.0,5.0,0.04000000000000001,0.0,0.29405090236548515,4.0,0.5,0.08333333333333326,-0.16666666666666663,2.5679065925163148e-34,3.0,2.1458417525947544,0.0,0.0,1.1780972450962501,0.9125514551176716,525.2
199808,0.4481197555607359,0.6304609823695435,0.7473849932598846,4.0,0.32668328292672,1.6543697633584282,1.0,5.0,0.04000000000000001,0.0,0.04732764886935433,4.0,1.0,-0.08333333333333337,-0.33333333333333337,0.0,3.0,2.019814992492946,0.0,0.0,1.1780972450962501,0.7564792188865781,515.0
199809,0.9299391564757116,0.7679454629487035,0.8165852720110671,4.0,0.6730116670092563,-1.1575949098411478,1.0,5.0,0.04000000000000001,0.0,0.2421709884825735,1.0,0.5,-0.25,0.08333333333333326,1.6049416203226967e-35,3.0,2.019814992492946,0.0,0.0,1.1780972450962501,1.3496163911095291,431.25
199810,0.8267386381068944,0.6714335735274775,0.8488308489006865,3.0,0.7523941418405954,-1.5517340040184173,1.0,4.0,0.08000000000000002,0.0,0.184455880136337,1.0,0.5,-0.41666666666666663,0.16666666666666674,6.419766481290787e-35,3.0,2.019814992492946,0.0,0.0,1.1780972450962501,1.3112487887313036,625.35
199811,0.754714039526853,0.5735789372201654,0.5494641439811442,1.0,0.5343822308972673,3.335351899199826,1.0,3.0,0.013774104683195593,0.0,0.12252394452710341,1.0,1.0,-0.125,0.0,0.0,4.0,2.019814992492946,0.0,0.0,1.570796326795,1.4794491754932961,495.3
199812,0.12886698524464257,0.06815562156506656,0.4917348041763754,1.0,0.7069914743683359,2.069454974452665,1.0,4.0,0.005509641873278237,0.0,0.3463717793504575,1.0,1.0,0.08333333333333326,0.08333333333333326,0.0,4.0,2.1458417525947544,0.0,0.0,1.96349540849375,1.3341998352120377,566.5
199901,0.10187923645930319,0.0422718218496548,0.47181271822472065,1.0,0.8979457248567798,2.163787894085986,1.0,4.0,0.013774104683195593,0.0,0.3426054882596055,1.0,1.0,0.33333333333333326,-0.08333333333333337,2.5679065925163148e-34,4.0,2.019814992492946,0.0,0.0,2.3561944901925003,1.304237515387389,598.8
199902,-0.30138702865630923,-0.3013870286563092,0.5500170530329531,1.0,0.8979457248567797,2.306275516531771,1.0,3.0,0.005509641873278238,0.0,0.33257336850686775,2.0,1.0,0.6666666666666667,-0.25,0.0,4.0,2.1458417525947544,0.0,0.0,1.96349540849375,1.2256451442896292,506.05
199903,-0.7700616501924301,-0.5892123090453806,0.4751764854152336,1.0,0.7593162887447906,2.4118747439441135,1.0,3.0,0.005509641873278237,0.0,0.34830213840418667,1.0,1.0,0.5,0.08333333333333326,2.5679065925163148e-34,4.0,2.1458417525947544,0.0,0.0,2.3561944901925003,1.3413399075574193,548.8
199904,-0.14843928816764138,-0.7088036155583533,0.4444458411648112,1.0,0.9502705392332345,2.7048771688263757,1.0,3.0,0.013774104683195593,0.0,0.35833594808946045,2.0,1.0,0.33333333333333326,0.0,0.0,4.0,2.019814992492946,0.0,0.0,2.3561944901925003,1.3219294912663706,449.25
199905,0.2834413822212818,-0.480983922331553,0.4608486772699184,1.0,0.8116411031212455,1.5244404699583887,1.0,3.0,0.013774104683195594,0.0,0.34353532253282304,2.0,1.0,0.16666666666666674,0.41666666666666674,1.6049416203226967e-33,4.0,2.019814992492946,0.0,0.0,2.3561944901925003,1.3377248316898325,489.75
199906,0.019962961027690906,-0.4800126177432705,0.49199421689511136,1.0,0.8116411031212455,1.4549007359472486,1.0,3.0,0.02203856749311295,0.0,0.34022300450699416,2.0,1.0,0.08333333333333326,0.25,1.0271626370065259e-33,3.0,1.893788232391138,0.0,0.0,2.3561944901925003,1.3057601307081266,541.15
199907,-0.27369957163490377,-0.44532918671459853,0.47955578488146644,1.0,0.8116411031212454,1.7171733916687408,1.0,3.0,0.005509641873278237,0.0,0.35556921109714235,2.0,1.0,0.0,0.08333333333333326,1.0271626370065259e-33,2.0,2.1458417525947544,0.0,0.0,2.3561944901925003,1.2049990988006392,548.65
199908,0.03473372025314281,0.03473372025314281,0.4854088760796426,1.0,0.7593162887447907,1.678879174534986,1.0,3.0,0.005509641873278237,0.0,0.3450260469080384,2.0,1.0,-0.16666666666666663,-0.08333333333333337,6.419766481290787e-35,2.0,2.1458417525947544,0.0,0.0,2.3561944901925003,0.9307572337573029,459.95
199909,-0.32132250268383405,0.10925186922457164,0.4773388314071922,1.0,0.7593162887447907,1.3841875380339468,1.0,3.0,0.005509641873278237,0.0,0.20128188301431607,2.0,1.0,-0.33333333333333337,0.33333333333333326,1.0271626370065259e-33,2.0,2.1458417525947544,0.0,0.0,2.3561944901925003,0.9458579463141494,427.0
199910,-0.3567034794376545,-0.4111679997767169,0.6708174610113113,2.0,1.0365751609687688,-1.6433255490429526,1.0,3.0,0.08000000000000002,0.0,0.14956307701803148,1.0,0.5,-0.5,0.5833333333333333,4.012354050806742e-34,2.0,2.019814992492946,0.0,0.0,1.570796326795,0.9709200142763397,608.05
199911,0.5811600179462872,0.4254990648444674,0.5814060110537876,2.0,0.9502705392332345,1.8913647591328624,1.0,3.0,0.005509641873278238,0.0,0.15216562419036053,2.0,1.0,0.08333333333333326,0.41666666666666674,1.6049416203226967e-33,3.0,2.1458417525947544,0.0,0.0,1.570796326795,1.3063339532210891,527.9
199912,0.5390455119591432,0.3820449114708423,0.6097111893852044,2.0,0.8639659174977001,1.5252580015231785,1.0,3.0,0.005509641873278237,0.0,0.3223512600206956,2.0,1.0,-0.08333333333333337,0.25,6.419766481290787e-35,3.0,2.1458417525947544,0.0,0.0,1.570796326795,1.311794183656817,663.1
200001,0.2055225454799805,0.036400711075716935,0.5981385698237422,1.0,0.7593162887447906,1.5112903312888806,1.0,3.0,0.013774104683195593,0.0,0.2848664181434885,1.0,1.0,0.6666666666666667,0.08333333333333326,6.419766481290787e-35,3.0,2.019814992492946,0.0,0.0,1.1780972450962501,1.2813697967079103,652.9
200002,0.12932887849916985,0.12932887849916996,0.8268258391408481,4.0,0.7593162887447907,1.3324186435415215,1.0,3.0,0.1111111111111111,0.0,0.26575912582216776,2.0,0.3333333333333333,0.8333333333333333,-0.08333333333333337,3.145685575832486e-33,3.0,2.1458417525947544,0.0,0.0,1.1780972450962501,1.0310539393937128,558.1
200003,0.07262168008141512,0.22849421341979625,0.8842701173603577,4.0,0.8639659174977002,1.1553077869232884,1.0,3.0,0.1111111111111111,0.0,0.2666818848060305,2.0,0.3333333333333333,0.6666666666666667,-0.25,6.419766481290787e-35,3.0,2.019814992492946,0.0,0.0,1.1780972450962501,1.0939209913287178,447.95
200004,-0.41600183346226444,-1.1530240167117747,0.8444232678131999,3.0,0.7593162887447906,0.9151322964815317,1.0,3.0,0.04000000000000001,0.0,0.253640552813436,1.0,0.5,0.5,-0.08333333333333337,0.0,3.0,2.1458417525947544,0.0,0.0,1.1780972450962501,1.3286630176655632,471.2
200005,-0.44899141470287524,-0.05687607848220817,0.8822120793537782,4.0,0.8116411031212455,0.969897662253329,1.0,4.0,0.12000000000000002,0.0,0.2599069089220223,1.0,0.5,0.33333333333333326,-0.16666666666666663,0.0,4.0,2.019814992492946,0.0,0.0,1.1780972450962501,1.3755337006835864,573.0
200006,-0.5410187196824756,-0.14642506286041854,0.8437933748900023,4.0,0.8116411031212455,1.165962702962001,1.0,4.0,0.08000000000000002,0.0,0.2970976864670774,1.0,0.5,0.25,0.16666666666666674,2.5679065925163148e-34,4.0,1.893788232391138,0.0,0.0,1.1780972450962501,1.4099293004395446,456.55
200007,-1.0103390360229705,-0.8653336888268224,0.7797949691833413,4.0,0.8979457248567797,0.7508347984936278,1.0,4.0,0.04000000000000001,0.0,0.2920584010529277,1.0,0.5,0.08333333333333326,0.5,6.419766481290787e-35,4.0,2.019814992492946,0.0,0.0,1.1780972450962501,1.297546662828309,523.15
200008,-0.9856513435879358,-0.8404376016010326,0.8078823669054473,4.0,0.9502705392332347,0.9221507701193375,1.0,4.0,0.04000000000000001,0.0,0.29287186690262146,1.0,0.5,-0.08333333333333337,0.33333333333333326,6.419766481290787e-35,4.0,2.019814992492946,0.0,0.0,0.7853981633975,1.1801125157947763,535.1
200009,-0.5010229681170968,-0.04803015688740597,0.709196927782414,3.0,0.8639659174977004,1.0439161401849424,1.0,4.0,0.07407407407407407,0.0,0.11011376755291424,1.0,0.3333333333333333,-0.25,0.25,1.0271626370065259e-33,4.0,2.1458417525947544,0.0,0.0,1.1780972450962501,1.2216340052423358,361.1
200010,0.008213210506782994,-0.048807239448352524,0.7732137312303736,2.0,0.6206868526328015,-0.7554216061880011,1.0,4.0,0.16666666666666669,2.0,0.16094125981740487,1.0,0.25,-0.41666666666666663,0.33333333333333326,0.0,4.0,2.1458417525947544,0.0,0.0,1.1780972450962501,0.9962196122981765,577.2
200011,-0.19517883489165908,-0.020140948812130688,0.6999817839469868,2.0,0.5683620382563468,0.6925869598947305,1.0,4.0,0.04000000000000001,0.0,0.1444858778892808,1.0,0.5,-0.5833333333333333,0.16666666666666674,2.5679065925163148e-34,4.0,2.1458417525947544,0.0,0.0,1.1780972450962501,1.1092780812014629,609.1
200012,0.18657086905270645,0.24292936112964328,0.7400859893064757,2.0,0.7593162887447906,0.31294698646089675,1.0,3.0,0.04000000000000001,0.0,0.13100789909717378,2.0,0.5,-0.6666666666666667,0.0,6.419766481290787e-35,3.0,1.8462202193216333,0.0,0.0,1.1780972450962501,1.1958152431851934,462.9
200101,-0.8611937382411718,-0.6826676247262894,0.5444303527519095,2.0,0.8116411031212454,-0.11187239281316047,1.0,3.0,0.013774104683195594,2.0,0.14816420747517972,4.0,1.0,0.0,0.0,5.777789833161708e-34,2.0,2.019814992492946,0.0,0.0,1.96349540849375,1.0931964391120812,646.1
200102,-0.1839990882941746,-0.7135448515194827,0.4721209261885031,1.0,0.8979457248567797,1.0935428101390947,1.0,3.0,0.02203856749311295,0.0,0.3191903767055798,1.0,1.0,0.5833333333333333,-0.16666666666666663,6.419766481290787e-35,2.0,1.893788232391138,0.0,0.0,2.3561944901925003,1.0903715162236731,469.05
200103,-0.7969817856883071,-0.6207222340164233,0.4566260172186037,1.0,0.8979457248567798,0.3639245768274233,1.0,3.0,0.013774104683195593,0.0,0.32007343360586843,1.0,1.0,0.41666666666666674,-0.08333333333333337,2.5679065925163148e-34,2.0,2.019814992492946,0.0,0.0,2.3561944901925003,1.1630433200243886,498.0
200104,-0.8733272579797263,-0.6919255439019456,0.4381759168033123,1.0,0.8979457248567797,0.39890727438435203,1.0,3.0,0.0303030303030303,0.0,0.1875392017023111,1.0,1.0,0.25,0.0,1.0271626370065259e-33,2.0,1.8462202193216335,0.0,0.0,2.3561944901925003,1.1889004217732602,537.1
200105,0.5149233868230199,-0.7722506635626003,0.4447424200455882,1.0,0.8979457248567798,0.22109689502117275,1.0,3.0,0.03856749311294766,0.0,0.3159794105994631,1.0,1.0,0.08333333333333326,0.08333333333333326,0.0,2.0,1.7201934592198254,0.0,0.0,2.3561944901925003,1.201468819554886,604.15
200106,0.2291655270823655,-0.7815827466673506,0.4753951647345378,1.0,0.8979457248567795,0.5370678295222778,1.0,3.0,0.02203856749311295,0.0,0.30931835123794726,1.0,1.0,0.16666666666666674,-0.08333333333333337,1.0271626370065259e-33,2.0,1.893788232391138,0.0,0.0,1.96349540849375,1.2412382062644194,381.1
200107,0.8177628353269604,-0.23285658496537853,0.4512414548147686,1.0,0.8116411031212454,-1.111736945635972,1.0,3.0,0.0303030303030303,0.0,0.2930329342309891,1.0,1.0,0.0,0.25,1.0271626370065259e-33,2.0,1.8462202193216335,0.0,0.0,1.96349540849375,1.17397504363008,612.15
200108,1.0087657213947707,0.8544939883012628,0.4206298772644856,1.0,0.8116411031212456,0.45594925843269946,1.0,3.0,0.03856749311294766,0.0,0.30593682648003623,1.0,1.0,0.0,0.08333333333333326,1.0271626370065259e-33,2.0,1.7201934592198254,0.0,0.0,2.3561944901925003,1.121281168336396,539.2
200109,1.004515869025713,0.8503287018398624,0.42988601951429517,1.0,0.8639659174977004,1.0171657486260117,1.0,3.0,0.03856749311294766,0.0,0.197600046304646,1.0,1.0,0.16666666666666674,-0.08333333333333337,0.0,2.0,1.7201934592198254,0.0,0.0,1.96349540849375,1.0288708104626976,443.05
200110,1.0782095476494906,0.9158808684749153,0.41776409932172215,1.0,0.6206868526328017,-0.3590830851123924,1.0,3.0,0.0303030303030303,0.0,0.32660485612850587,1.0,1.0,-0.33333333333333337,0.16666666666666674,0.0,2.0,1.8462202193216335,0.0,0.0,1.96349540849375,1.1780604720818744,586.1
200111,1.0627299739820166,0.9013720042884141,0.39056203382836574,1.0,0.6206868526328017,0.12260252114739253,1.0,3.0,0.0303030303030303,0.0,0.3258566944454103,1.0,1.0,0.16666666666666674,0.0,0.0,3.0,1.8462202193216335,0.0,0.0,2.3561944901925003,1.1142031889000785,441.05
200112,-0.7026156779820012,-0.05755819520098027,0.39113682273026323,1.0,0.654666659991881,0.13438064355035306,1.0,3.0,0.03856749311294766,0.0,0.32536091660041616,1.0,1.0,0.16666666666666674,0.16666666666666674,2.5679065925163148e-34,3.0,1.720193459219825,0.0,0.0,2.3561944901925003,1.0828178904364258,371.1
200201,0.37787058538925783,-0.17293462882710536,0.4852120755541082,1.0,0.8639659174977002,-0.6722582181870824,1.0,3.0,0.02203856749311295,0.0,0.13810671249294218,1.0,1.0,0.0,0.5,2.5679065925163148e-34,3.0,1.8937882323911377,0.0,0.0,1.96349540849375,1.0526051448140819,574.1
200202,0.9937578091319643,-0.011940312144031484,0.4484018790081837,1.0,0.5867070452737222,1.2695314148496137,1.0,3.0,0.0303030303030303,0.0,0.1519541199803027,1.0,1.0,0.08333333333333326,0.33333333333333326,1.0271626370065259e-33,3.0,1.8462202193216333,0.0,0.0,1.96349540849375,1.25459486807191,412.15
200203,1.0056566443930053,0.04268825979660984,0.43521658679601855,1.0,0.5343822308972672,0.5370144887397423,1.0,3.0,0.03856749311294766,0.0,0.1909222768921219,1.0,1.0,-0.08333333333333337,0.5,0.0,3.0,1.7201934592198254,0.0,0.0,2.3561944901925003,1.1126837744497726,472.2
200204,1.0258915278568117,0.06694735727309804,0.44510715191032735,1.0,0.5343822308972672,0.5512371359824013,1.0,3.0,0.0303030303030303,0.0,0.18204125155695386,1.0,1.0,-0.25,0.33333333333333326,0.0,3.0,1.8462202193216335,0.0,0.0,2.3561944901925003,0.9329861129852925,501.1
200205,1.0703646931175814,0.03286874396070433,0.4257134386461762,1.0,0.5343822308972672,0.5294659063649524,1.0,3.0,0.0303030303030303,0.0,0.19477626956359553,1.0,1.0,-0.33333333333333337,0.16666666666666674,4.1086505480261036e-33,3.0,1.8462202193216335,0.0,0.0,2.3561944901925003,0.8294277816242479,443.05
200206,-0.0717548187806963,-0.6177771741773246,0.452955086079384,1.0,0.7593162887447907,2.5297955099304628,1.0,3.0,0.013774104683195593,0.0,0.3088386884217238,1.0,1.0,-0.16666666666666663,0.08333333333333326,0.0,3.0,2.019814992492946,0.0,0.0,2.3561944901925003,0.8884522948326169,476.1
200207,0.24673594602446858,-0.7759694216344932,0.5077637792639503,1.0,0.6206868526328017,0.5367880734492676,1.0,2.0,0.027548209366391182,0.0,0.32235750564110466,1.0,1.0,-0.5,0.16666666666666674,5.777789833161708e-34,3.0,1.8462202193216335,0.0,0.0,1.96349540849375,0.9287985234800211,479.05
200208,-0.330395599179435,-0.4988248909958628,0.41743005936115074,1.0,0.5867070452737221,0.9941844070952223,1.0,2.0,0.05234159779614325,0.0,0.3267564870621127,1.0,1.0,-0.25,0.0,6.419766481290787e-35,3.0,1.6417347121875212,0.0,0.0,2.3561944901925003,1.0286770553951954,358.0
200209,-0.5291238235653892,-0.0352556758932952,0.44844207646347106,1.0,0.6730116670092564,0.5354425726920612,1.0,3.0,0.03856749311294765,0.0,0.31122958478546187,1.0,1.0,-0.41666666666666663,0.0,0.0,3.0,1.7986522062521288,0.0,0.0,2.3561944901925003,1.0042049038023086,398.05
200210,-0.4593422051934993,0.33664622453100945,0.515844369965563,1.0,0.8456209104803248,-0.22364551112601994,1.0,3.0,0.013774104683195593,0.0,0.30403785796562904,4.0,1.0,-0.5833333333333333,0.16666666666666674,3.145685575832486e-33,2.0,2.019814992492946,0.0,0.0,1.96349540849375,0.8253528343544094,532.05
200211,-0.49798467156795584,0.3426659444551303,0.4723036966662692,1.0,0.8456209104803248,1.5595521441882163,1.0,3.0,0.013774104683195593,0.0,0.32409875682414413,1.0,1.0,0.16666666666666674,0.16666666666666674,2.5679065925163148e-34,2.0,2.019814992492946,0.0,0.0,1.96349540849375,0.9677660271914584,417.15
200212,-0.4610323205929954,0.36888730355438804,0.447393735036621,1.0,0.6206868526328015,1.1134746333891063,1.0,3.0,0.02203856749311295,0.0,0.15154827994745498,1.0,1.0,0.0,0.25,2.5679065925163148e-34,2.0,1.8937882323911377,0.0,0.0,2.3561944901925003,0.9229317486342138,356.0
200301,-0.4504515790991763,0.36408099940124194,0.5642448594878919,2.0,0.6390318596501768,-1.5806380406656095,1.0,3.0,0.013774104683195593,2.0,0.2528132859175627,4.0,1.0,-0.16666666666666663,0.5,1.0271626370065259e-33,2.0,2.019814992492946,0.0,0.0,1.96349540849375,0.9935105041033574,430.15
200302,0.08100110173197661,0.5630375172783741,0.6285017258343328,2.0,0.8116411031212455,-0.3096945288242203,1.0,6.0,0.013774104683195594,2.0,0.1269418091973872,3.0,1.0,-0.16666666666666663,0.5,2.5679065925163148e-34,3.0,2.019814992492946,0.0,0.0,1.570796326795,1.2001219651613755,340.9
200303,-0.26496784663500694,-1.3531821719572046,0.6569289086745813,2.0,0.7593162887447907,-0.5819708267326388,1.0,5.0,0.04000000000000001,2.0,0.12766201041528794,3.0,0.5,-0.33333333333333337,0.6666666666666667,1.6049416203226967e-33,3.0,2.019814992492946,0.0,0.0,1.96349540849375,1.095834085548067,345.0
200304,-0.9684577776951326,-1.115297393945172,0.7247539140301708,2.0,0.7253364813857113,-0.4983704842365031,1.0,4.0,0.04000000000000001,2.0,0.19233652626435252,3.0,0.5,-0.41666666666666663,0.6666666666666667,4.012354050806742e-34,3.0,1.893788232391138,0.0,0.0,1.570796326795,1.0256584248734417,233.15
200305,0.5200454376728216,0.05363674014604769,0.8253959895070031,2.0,0.6730116670092563,-0.48019691616732,0.9090909090909091,3.0,0.04000000000000001,2.0,0.2537455276570046,1.0,0.5,-0.5,0.6666666666666667,0.0,3.0,1.8937882323911377,0.0,0.0,1.570796326795,0.9407061898512765,360.05
200306,-0.14057588841173807,-0.3280870808829981,0.8731915312923009,2.0,0.6730116670092563,-0.12710187081905405,0.9090909090909091,4.0,0.08000000000000002,0.0,0.27638935247838675,1.0,0.5,-0.6666666666666667,0.5833333333333333,0.0,3.0,2.1458417525947544,0.0,0.0,1.570796326795,0.9610003059940466,481.15
200307,-0.14497219160376518,-0.33134719405695034,0.7289817188080764,2.0,0.9502705392332345,0.18831308590970153,1.0,4.0,0.04000000000000001,0.0,0.2751069701148522,3.0,0.5,-0.33333333333333337,0.41666666666666674,6.419766481290787e-35,3.0,2.019814992492946,0.0,0.0,1.570796326795,1.2346859479824634,464.95
200308,-0.13240382551780994,-0.3217603013420838,0.8669502729488995,2.0,0.8639659174977002,0.5246950466080491,1.0,4.0,0.04000000000000001,0.0,0.27862432581216057,1.0,0.5,0.41666666666666674,0.25,1.0271626370065259e-33,3.0,2.1458417525947544,0.0,0.0,1.1780972450962501,1.2295268187267103,470.05
200309,0.49371982368792766,-0.05978216531121627,0.9451470147060275,4.0,0.8639659174977001,0.47439048503335024,1.0,3.0,0.04000000000000001,0.0,0.2578801780346889,1.0,0.5,0.6666666666666667,0.16666666666666674,4.012354050806742e-34,3.0,1.7677614722893296,0.0,0.0,0.7853981633975,1.2053143017875743,385.05
200310,0.5061561350642263,-0.04632225609695029,0.9291099178807724,4.0,0.7593162887447908,-0.04197437808685122,1.0,3.0,0.08000000000000002,0.0,0.2651787687389738,1.0,0.5,0.5,0.0,0.0,2.0,1.7677614722893296,0.0,0.0,0.7853981633975,1.1939944289740816,401.1
200311,-0.12057334095986011,0.23364804373563947,0.986490184342529,3.0,0.5683620382563468,0.33755287925558886,1.0,4.0,0.1111111111111111,0.0,0.2692314290741982,1.0,0.3333333333333333,0.45833333333333337,-0.16666666666666663,5.777789833161708e-34,2.0,2.1458417525947544,0.0,0.0,0.7853981633975,1.3993535456856123,325.0
200312,-0.3558217975815181,0.33459428691895154,0.9651336247649291,3.0,0.7593162887447906,0.26044339627879526,1.0,5.0,0.1111111111111111,0.0,0.27107604845522937,1.0,0.3333333333333333,0.33333333333333326,-0.25,5.777789833161708e-34,2.0,2.019814992492946,0.0,0.0,0.7853981633975,1.4082727782920712,310.05
200401,0.3737139683285955,1.2051828452319322,1.090844488174556,4.0,0.8456209104803251,0.142784565306538,1.0,6.0,0.04000000000000001,0.0,0.2753709348877376,1.0,0.5,0.16666666666666674,0.25,0.0,2.0,2.019814992492946,0.0,0.0,0.7853981633975,1.3767918273925903,420.15
200402,0.3878614376023763,1.225750257509947,1.071365061351534,4.0,0.9842503465923139,0.6051079771256331,1.0,6.0,0.08000000000000002,0.0,0.27294393583846494,1.0,0.5,0.0,0.08333333333333326,7.864213939581214e-34,3.0,2.019814992492946,0.0,0.0,0.7853981633975,1.2475603460527214,270.0
200403,0.7441678794383353,1.210147036937666,0.861297600898854,4.0,1.0365751609687688,-0.12301270293786602,1.0,6.0,0.1111111111111111,0.0,0.1907126549398207,1.0,0.3333333333333333,-0.16666666666666663,0.16666666666666674,2.5679065925163148e-34,3.0,2.1458417525947544,0.0,0.0,0.7853981633975,1.210433006435064,475.05
200404,0.868262174320966,1.0150023771024526,0.6524890640292355,4.0,0.7593162887447906,1.4059729926752054,1.0,6.0,0.07407407407407407,0.0,0.08969629857587069,1.0,0.3333333333333333,-0.16666666666666663,0.33333333333333326,0.0,3.0,2.019814992492946,0.0,0.0,1.1780972450962501,1.0785908699585822,310.05
200405,0.949277829411667,1.0911370697813005,0.5519750861328625,1.0,0.7593162887447906,0.6167754359263729,1.0,4.0,0.005509641873278237,0.0,0.2824586043023162,2.0,1.0,-0.41666666666666663,0.5,4.1086505480261036e-33,3.0,2.1458417525947544,0.0,0.0,2.3561944901925003,1.1363538759538254,435.05
200406,0.8599812026943425,1.0009688427028138,0.5483277715511173,1.0,0.8116411031212455,0.6438342194566757,1.0,3.0,0.013774104683195593,0.0,0.2831103354088075,4.0,1.0,-0.5,0.33333333333333326,6.419766481290787e-33,3.0,2.019814992492946,0.0,0.0,2.3561944901925003,1.2013596063028502,295.05
200407,-0.10161449582684945,0.03538968413563959,0.46600325778833784,1.0,0.9842503465923139,0.05076554418139676,1.0,4.0,0.02203856749311295,0.0,0.3319205245670622,3.0,1.0,-0.08333333333333337,0.33333333333333326,1.0271626370065259e-33,3.0,1.893788232391138,0.0,0.0,2.74889357189125,1.239299424013789,265.0
200408,-0.09735483403302096,-0.6009214599004837,0.46574327904728,1.0,0.7932960961038701,0.04202734393830208,1.0,3.0,0.0440771349862259,0.0,0.3282180227690521,3.0,1.0,-0.25,0.5,4.1086505480261036e-33,3.0,1.6726254461503207,0.0,0.0,2.74889357189125,1.2422525917716019,340.1
200409,-0.35774798859393564,-0.5103420895263269,0.43004557571418767,1.0,0.7593162887447906,0.3469896034283877,1.0,2.0,0.033057851239669415,0.0,0.3453876961058537,3.0,1.0,0.0,0.33333333333333326,0.0,3.0,1.7986522062521288,0.0,0.0,2.74889357189125,1.330036980739175,295.05
200410,-0.5456993937317374,-0.3953824864425743,0.4259222875541726,1.0,0.5683620382563468,0.3062147234276656,1.0,2.0,0.013774104683195593,0.0,0.3430583597867698,3.0,1.0,-0.16666666666666663,0.25,0.0,3.0,2.019814992492946,0.0,0.0,2.74889357189125,1.2839681695938499,300.15
200411,-0.7395314655567564,-0.433264540595801,0.4376666610900339,1.0,0.6660895201050611,0.4479816660912757,1.0,2.0,0.0303030303030303,0.0,0.3264790229026538,4.0,1.0,-0.16666666666666663,0.16666666666666674,1.0271626370065259e-33,3.0,1.8462202193216335,0.0,0.0,2.74889357189125,1.2343985007493394,345.1
200412,-0.7647008213799176,-0.6114176764893253,0.43341824732405415,1.0,0.8047189562170503,0.4759095266906611,1.0,2.0,0.0303030303030303,0.0,0.325723299597143,3.0,1.0,-0.33333333333333337,0.16666666666666674,0.0,3.0,1.8462202193216333,0.0,0.0,2.74889357189125,1.193458420967869,380.1
200501,-0.84560096055345,-0.6930929265825128,0.4519265883145687,1.0,0.8047189562170501,0.10915201605260072,1.0,2.0,0.013774104683195593,0.0,0.3238503730755218,3.0,1.0,-0.33333333333333337,0.08333333333333326,0.0,3.0,2.019814992492946,0.0,0.0,2.74889357189125,0.9886571412132032,275.1
200502,-0.6883717354841891,-0.6883717354841891,0.46468873671966476,1.0,0.6931471805599454,0.7905752825081683,1.0,2.0,0.013774104683195593,0.0,0.3289520186802098,2.0,1.0,-0.5,0.0,2.5679065925163148e-34,3.0,2.019814992492946,0.0,0.0,2.3561944901925003,0.9950769834445907,345.1
200503,-0.8169034140966505,-0.32574030132424037,0.5253304260728671,1.0,0.7523941418405955,-1.9487974164052126,1.0,3.0,0.024793388429752067,0.0,0.30207950320093,2.0,1.0,-0.6666666666666667,0.0,0.0,3.0,1.8462202193216333,0.0,0.0,1.96349540849375,0.9064314359291133,415.1
200504,-0.9504976765245858,0.14994964074530825,0.5415769581197503,2.0,0.7253364813857112,-0.4732977716480265,1.0,3.0,0.046831955922865015,2.0,0.3205755889770876,3.0,1.0,0.41666666666666674,0.0,6.419766481290787e-35,3.0,1.6726254461503205,0.0,0.0,1.96349540849375,0.9982672451772838,315.1
200505,-0.9614599832403284,0.14264062876416594,0.5545963472609691,2.0,0.8979457248567798,-2.1919097802514753,1.0,3.0,0.024793388429752067,2.0,0.2820436424799918,3.0,1.0,0.25,-0.08333333333333337,1.0271626370065259e-33,2.0,1.8462202193216333,0.0,0.0,1.96349540849375,0.8472914951960948,295.1
200506,-0.27405838128351967,-0.4434708174040075,0.6127856436145336,2.0,0.8979457248567797,-1.0883195231696374,1.0,3.0,0.005509641873278237,2.0,0.30481899683247543,3.0,1.0,0.41666666666666674,-0.16666666666666663,1.0271626370065259e-33,2.0,2.1458417525947544,0.0,0.0,1.96349540849375,1.1744118653938271,260.1
200507,-0.26765706541041406,-0.32228095631049897,0.6241462683855379,2.0,0.8116411031212455,-0.9080249805527484,1.0,3.0,0.013774104683195593,2.0,0.2840802904060851,2.0,1.0,0.25,0.16666666666666674,0.0,3.0,2.019814992492946,0.0,0.0,1.570796326795,1.2538324613369987,269.1
200508,-0.27731277866353266,-0.3324198051928247,0.7490013539334844,2.0,0.8979457248567797,-1.3054611805501333,1.0,3.0,0.08000000000000002,0.0,0.2788399550236029,2.0,0.5,0.08333333333333326,0.8333333333333333,1.0271626370065259e-33,4.0,2.1458417525947544,0.0,0.0,1.570796326795,1.2686330685854377,305.05
200509,-0.21640248804615286,-0.38279712540284877,0.8002567515251381,2.0,0.8116411031212455,-1.2069918874594927,1.0,3.0,0.04000000000000001,2.0,0.28017304687521394,2.0,0.5,-0.08333333333333337,0.6666666666666667,2.3111159332646834e-33,4.0,2.1458417525947544,0.0,0.0,1.1780972450962501,1.2713976232375659,289.1
200510,-0.5353049397122702,-0.7006981602878226,0.7969561629096165,2.0,0.8979457248567796,-1.1890331818212931,1.0,3.0,0.04000000000000001,2.0,0.2787877322259459,1.0,0.5,-0.25,0.5,7.767917442361853e-33,4.0,2.1458417525947544,0.0,0.0,1.1780972450962501,1.131538135962502,214.1
200511,-0.6253437346082152,-0.17141057947549088,0.8314852703808923,2.0,0.6206868526328015,-0.9963140786503847,1.0,4.0,0.04000000000000001,0.0,0.2389635305673095,1.0,0.5,-0.41666666666666663,0.5,1.0271626370065259e-33,4.0,2.019814992492946,0.0,0.0,1.570796326795,0.9742862864655204,185.0
200512,0.06798522079427483,-0.46784957936885285,0.9628568382773537,2.0,0.8639659174977002,-0.6550984302201831,1.0,4.0,0.33333333333333337,0.0,0.1958156171214066,1.0,0.16666666666666666,-0.5,0.9166666666666667,0.0,4.0,1.8937882323911377,0.0,0.0,1.1780972450962501,0.890909957757447,220.1
200601,0.2863450333322074,-0.2716337288674322,1.4326774877606758,3.0,0.8116411031212455,-0.2784735571770266,1.0,5.0,0.1111111111111111,0.0,0.2015027547428878,2.0,0.6666666666666666,-0.5,0.8333333333333333,0.0,4.0,1.7677614722893296,0.0,0.0,0.39269908169875,0.6804197333943426,245.05
200602,0.32203310116252226,-0.13612734758539358,1.577852914011776,3.0,0.6730116670092564,-0.386719188795478,1.0,4.0,0.07407407407407407,0.0,0.1999563116848027,2.0,0.3333333333333333,-0.6666666666666667,0.6666666666666667,5.777789833161708e-34,4.0,1.720193459219825,0.0,0.0,0.39269908169875,0.7794530125346052,305.1
200603,0.3925124148882476,0.5842684799960729,1.1744343553693135,3.0,0.4820574165208125,-0.4962354617068885,1.0,3.0,0.07407407407407407,0.0,0.1737900121292762,1.0,0.6666666666666666,-0.33333333333333337,0.5,1.0271626370065259e-33,4.0,1.8462202193216333,0.0,0.0,1.1780972450962501,1.0024957538708565,264.05
200604,0.927399689962678,1.0854177629954125,1.1831578513724497,3.0,0.8116411031212455,-0.32332723488067766,1.0,4.0,0.04000000000000001,0.0,0.23558943511700375,1.0,1.0,-0.16666666666666663,0.33333333333333326,5.777789833161708e-34,4.0,1.7986522062521288,0.0,0.0,1.1780972450962501,1.315382426142742,225.1
200605,0.9370539615804954,1.0904725162609092,1.0383717314709155,3.0,0.9502705392332345,-0.4536024659155121,1.0,5.0,0.04000000000000001,0.0,0.24837086631940847,1.0,1.0,-0.25,0.25,1.6049416203226967e-33,4.0,2.019814992492946,0.0,0.0,1.1780972450962501,1.4286918495281877,279.1
200606,0.368584827982423,0.21038468083599768,0.9879961424367882,3.0,0.9842503465923138,-0.1643424935413342,1.0,4.0,0.04000000000000001,0.0,0.2582109680225675,1.0,1.0,0.0,0.08333333333333326,5.777789833161708e-34,4.0,2.1458417525947544,0.0,0.0,1.1780972450962501,1.4472558656840238,250.05
200607,0.17976227969370537,0.2325095305884377,0.9684223105488136,3.0,0.8979457248567797,-0.2064670399442498,1.0,3.0,0.08000000000000002,0.0,0.2635703720716336,4.0,0.5,-0.16666666666666663,-0.08333333333333337,0.0,4.0,2.019814992492946,0.0,0.0,1.1780972450962501,1.4379582608368546,260.1
200608,0.20075401986107763,0.09461024796886808,0.9011716868438843,3.0,0.9842503465923139,-0.28730944127859903,1.0,3.0,0.04000000000000001,0.0,0.2520305429571638,4.0,0.5,-0.33333333333333337,-0.25,5.777789833161708e-34,3.0,2.1458417525947544,0.0,0.0,1.1780972450962501,1.2927565447852836,255.05
200609,-0.12540332741243257,0.0507480131984801,0.7831702234171922,2.0,0.8979457248567798,-0.3800745970529977,1.0,3.0,0.04000000000000001,0.0,0.19027711038823836,3.0,0.5,0.0,-0.41666666666666663,2.5679065925163148e-34,3.0,2.019814992492946,0.0,0.0,1.1780972450962501,1.0934866399568606,180.1
200610,0.06385677621850216,0.23308851531347285,0.8135889801669645,4.0,0.8456209104803248,-0.2973985802993646,1.0,4.0,0.04000000000000001,0.0,0.2947910577864596,1.0,0.5,0.16666666666666674,0.16666666666666674,6.419766481290787e-35,3.0,1.6726254461503207,0.0,0.0,1.1780972450962501,1.2646305371351914,245.05
200611,-0.006132692024209074,0.16743406337792321,0.7007340261092084,2.0,0.8979457248567798,0.26059811332892574,1.0,5.0,0.04000000000000001,0.0,0.2040816349022625,2.0,0.5,-0.08333333333333337,0.0,1.0271626370065259e-33,3.0,2.019814992492946,0.0,0.0,1.1780972450962501,1.2491606327983173,200.0
200612,-0.04322766997409244,0.14045931291864977,0.6264721950122111,1.0,0.9842503465923141,-0.0019084659415729616,1.0,5.0,0.02203856749311295,0.0,0.19888914575408032,3.0,1.0,-0.25,0.6666666666666667,2.3111159332646834e-33,3.0,1.893788232391138,0.0,0.0,1.570796326795,0.9018147543388266,130.0
200701,0.33921306507260085,0.33921306507260096,0.7963645524525191,2.0,0.4751352696166173,-0.3108724878256684,1.0,5.0,0.16666666666666669,0.0,0.20296311513216989,1.0,0.25,-0.33333333333333337,0.75,5.777789833161708e-34,3.0,2.019814992492946,0.0,0.0,1.570796326795,0.7696174338650458,255.0
200702,0.31995104448330913,0.504501701853554,0.7053085037763702,2.0,0.5545177444479562,1.1727107752261225,1.0,5.0,0.16666666666666669,0.0,0.238382814526485,1.0,0.25,-0.5,0.5833333333333333,3.145685575832486e-33,3.0,2.019814992492946,0.0,0.0,1.570796326795,0.944306730857965,135.0
200703,0.8086002508309118,0.6614773692019391,0.5792549349565173,1.0,0.725336481385711,-0.19676066596601868,1.0,6.0,0.02203856749311295,0.0,0.16067573355355527,3.0,1.0,-0.16666666666666663,0.8333333333333333,2.5679065925163148e-34,3.0,1.893788232391138,0.0,0.0,2.3561944901925003,0.9170053426574767,155.0
200704,0.9547923464062109,0.8126058011870614,0.6989802636876087,1.0,0.6206868526328015,-0.13529628987015474,1.0,5.0,0.16666666666666669,0.0,0.1548551180114181,3.0,0.25,-0.25,0.6666666666666667,2.5679065925163148e-34,3.0,2.1458417525947544,0.0,0.0,1.570796326795,0.8816432719360497,190.0
200705,1.004630798918112,0.8632812695294165,0.7105066673416829,1.0,0.6730116670092563,-0.20392620416935597,1.0,4.0,0.16666666666666669,0.0,0.26642568846821,3.0,0.25,-0.41666666666666663,0.5,0.0,3.0,2.1458417525947544,0.0,0.0,1.570796326795,0.8759388894372584,180.0
200706,0.9054918434086081,1.038923390227697,0.6431971849944385,1.0,0.5614398913521514,-0.23975627737655472,1.0,3.0,0.16666666666666669,0.0,0.28428628858290034,4.0,0.25,-0.5,0.5,1.0271626370065259e-33,3.0,2.019814992492946,0.0,0.0,1.96349540849375,0.9851486494148561,180.0
200707,1.0690932824197936,0.3733930121066029,0.5756590361114751,1.0,0.5004024235381876,-0.2727665825419587,0.9090909090909091,3.0,0.011019283746556474,0.0,0.291260274726643,4.0,1.0,-0.5,0.33333333333333326,2.5679065925163148e-34,3.0,2.019814992492946,0.0,0.0,1.96349540849375,0.9223285320961545,175.0
200708,-0.08789640644021762,0.4992273305025429,0.47616010011035176,1.0,0.448077609161733,-0.36059445013532826,0.9090909090909091,3.0,0.005509641873278237,0.0,0.3002448078599923,1.0,1.0,-0.5,0.16666666666666674,2.3111159332646834e-33,3.0,2.1458417525947544,0.0,0.0,2.3561944901925003,0.9946694382181387,150.0
200709,0.29092442928671336,0.12911996361000933,0.4659948435510737,1.0,0.33650583350462815,0.15586597449227962,0.9090909090909091,3.0,0.013774104683195593,0.0,0.3170872773831223,1.0,1.0,-0.41666666666666663,0.08333333333333326,0.0,3.0,2.019814992492946,0.0,0.0,2.3561944901925003,1.0989759614634729,180.0
200710,0.29113802512912146,0.12933475069648592,0.46837601556971087,1.0,0.44807760916173295,-0.23373088200048472,0.9090909090909091,2.0,0.013774104683195593,0.0,0.3165907085645847,1.0,1.0,-0.5833333333333333,-0.08333333333333337,1.0271626370065259e-33,3.0,2.019814992492946,0.0,0.0,2.3561944901925003,0.8894378205897188,145.0
200711,0.5735741218182744,0.39051855102520827,0.39599684883992786,1.0,0.5343822308972673,-0.22755398590607914,0.9090909090909091,5.0,0.01652892561983471,0.0,0.3378192797773563,2.0,1.0,-0.5,-0.16666666666666663,1.0271626370065259e-33,3.0,1.893788232391138,0.0,0.0,2.3561944901925003,0.7333513852819209,135.0
200712,-0.7223722252956283,0.5417791689717211,0.4491102588508894,1.0,0.448077609161733,0.5315672655970506,0.9090909090909091,5.0,0.02754820936639119,0.0,0.33803374626631205,1.0,1.0,0.0,0.08333333333333326,0.0,3.0,1.8937882323911377,0.0,0.0,2.3561944901925003,0.5179955546754051,114.6639436
200801,0.5118562695585412,0.318863306043888,0.6137241258661074,2.0,0.2249340578475233,-3.2518480250243598,0.9090909090909091,5.0,0.030303030303030307,0.0,0.13814394467893348,3.0,1.0,-0.16666666666666663,0.6666666666666667,0.0,3.0,1.7677614722893296,0.0,0.0,1.570796326795,0.569361377684284,145.0
200802,1.0789662409528589,0.9190259565577437,1.31556230622873,7.0,0.39575279478527825,0.2558043281215618,0.9090909090909091,5.0,0.1111111111111111,0.0,0.21794360434012297,2.0,0.3333333333333333,-0.16666666666666663,0.6666666666666667,6.419766481290787e-33,4.0,1.8462202193216333,0.0,0.0,0.7853981633975,0.9037289648901621,185.0
200803,0.8957469482634441,0.7369238099296298,1.0231446008830534,4.0,0.5343822308972673,0.6320899441001964,0.9090909090909091,5.0,0.18518518518518517,0.0,0.2179895397983698,1.0,0.3333333333333333,-0.25,0.5833333333333333,5.777789833161708e-34,4.0,1.5941666991180168,0.0,0.0,0.7853981633975,1.2009777600489882,130.0
200804,0.9200564428714968,0.7714920155567377,0.8327677508944631,4.0,0.6206868526328015,-0.6497274589338382,0.9090909090909091,4.0,0.16666666666666669,0.0,0.09367612966944883,2.0,0.25,-0.41666666666666663,0.5,2.5679065925163148e-34,4.0,1.5941666991180168,0.0,0.0,1.1780972450962501,1.1276119736353643,115.0
200805,0.9541585465878082,1.0879659983436596,0.8554629728893006,2.0,0.37048564086370767,-0.5952061182939656,0.9090909090909091,3.0,0.04000000000000001,0.0,0.14578512536459295,2.0,0.5,-0.5,0.6666666666666667,2.5679065925163148e-34,4.0,2.019814992492946,0.0,0.0,1.570796326795,1.1593810555805641,145.0
200806,0.5591806303649982,0.5591806303649982,0.7925149763311293,2.0,0.44807760916173295,-0.5405494212221726,1.0,4.0,0.04000000000000001,0.0,0.2911444440614247,2.0,0.5,-0.5,0.5,2.5679065925163148e-34,4.0,1.893788232391138,0.0,0.0,1.570796326795,1.1994132709755154,95.0
200807,-0.10489713171224968,0.05851315933327039,0.669236519953555,4.0,0.4297326021443578,-0.9435221874356717,1.0,4.0,0.08000000000000002,0.0,0.10131840613994386,1.0,0.5,-0.5,0.6666666666666667,2.3111159332646834e-33,4.0,2.019814992492946,0.0,0.0,1.1780972450962501,1.10043826260246,120.0
200808,-0.2782474813241917,-0.27824748132419175,0.7427773830087507,2.0,0.5004024235381876,-0.9317688470042903,1.0,3.0,0.12000000000000002,2.0,0.12142486522706884,2.0,0.5,-0.25,0.5,2.3111159332646834e-33,4.0,1.8462202193216333,0.0,0.0,1.1780972450962501,1.1534968807176924,110.0
200809,-0.146251295932871,-0.14625129593287095,0.7180617250665483,2.0,0.5867070452737221,-0.9688643694495801,1.0,3.0,0.05333333333333335,0.0,0.2724739787149816,2.0,0.5,-0.41666666666666663,0.6666666666666667,0.0,3.0,1.4681399390162084,0.0,0.0,1.570796326795,1.0984703534161298,94.80489994
200810,0.11854334725310237,0.11854334725310237,0.7457879833491702,2.0,0.639031859650177,-0.9664307225974259,1.0,4.0,0.08000000000000002,2.0,0.27396078226901893,1.0,0.5,-0.25,0.75,1.1595703206831484e-33,3.0,2.1458417525947544,0.0,0.0,1.570796326795,1.0898578460405077,150.0
200811,-0.24962372586893944,-0.4248190040924532,0.6534070459806455,2.0,0.7593162887447907,-0.026511350234819018,1.0,4.0,0.08000000000000002,2.0,0.272774784082378,4.0,0.5,-0.08333333333333337,0.5833333333333333,1.6049416203226967e-35,3.0,2.1458417525947544,0.0,0.0,1.570796326795,1.2194255511477208,110.0
200812,-0.5108294560367779,-0.33841909497772493,0.6272764488718662,2.0,0.8116411031212455,-0.3076474868216203,1.0,4.0,0.005509641873278237,0.0,0.27191528848074575,4.0,1.0,-0.25,0.41666666666666674,4.1086505480261036e-33,3.0,2.1458417525947544,0.0,0.0,1.570796326795,0.901053510014779,95.0
200901,-0.7535659254050003,-0.9174020426135439,0.6855838534195394,2.0,0.7863739491996747,-0.4003941617080221,1.0,3.0,0.08000000000000002,0.0,0.25931010073623767,1.0,0.5,-0.41666666666666663,0.5,1.0271626370065259e-33,3.0,2.1458417525947544,0.0,0.0,1.570796326795,0.8676087898274544,140.0
200902,-0.7465988447448362,-0.912247675960355,0.5584801590084908,1.0,0.6137647057286063,-0.2916284451855,1.0,2.0,0.011019283746556474,0.0,0.2602951540376288,1.0,1.0,-0.16666666666666663,0.33333333333333326,1.6049416203226967e-35,3.0,2.019814992492946,0.0,0.0,2.3561944901925003,0.8489839176026305,110.0
200903,-0.335263981905492,-0.7598851443014453,0.42005681445914667,1.0,1.0365751609687688,0.9154367186404051,1.0,2.0,0.019283746556473826,0.0,0.3281750120196614,1.0,1.0,-0.08333333333333337,0.16666666666666674,1.0271626370065259e-33,3.0,1.8462202193216335,0.0,0.0,2.3561944901925003,1.1830250357247898,125.0
200904,-0.31764124225855095,-0.7473311256791911,0.41502443531049776,1.0,1.0365751609687688,1.0343954064093068,1.0,2.0,0.030303030303030297,0.0,0.33020189923005905,1.0,1.0,0.16666666666666674,0.0,2.5679065925163148e-34,3.0,1.6726254461503207,0.0,0.0,2.3561944901925003,1.0390528459506025,110.0
200905,-0.29430074030346787,-0.43670054519495505,0.416777544855617,1.0,1.0025953536096894,0.6371633893650046,1.0,2.0,0.046831955922865015,0.0,0.32772474919949823,1.0,1.0,0.0,-0.16666666666666663,1.0271626370065259e-33,3.0,1.4681399390162084,0.0,0.0,2.3561944901925003,1.0720661130742821,90.0
200906,-0.5617041649817343,-0.5617041649817343,0.4651997304487877,1.0,0.9502705392332345,2.349298391373126,1.0,2.0,0.0881542699724518,0.0,0.33363837810605945,1.0,1.0,0.08333333333333326,-0.08333333333333337,2.5679065925163148e-34,3.0,1.2945451658448959,0.0,0.0,2.3561944901925003,1.1902277675972095,160.0
200907,-0.31052423765949316,-0.4680272114104292,0.43868320836807345,1.0,1.0888999753452235,4.104116489372831,1.0,2.0,0.05509641873278238,0.0,0.3117111121117272,1.0,1.0,0.16666666666666674,0.0,2.5679065925163148e-34,3.0,1.2945451658448959,0.0,0.0,2.3561944901925003,1.253127683485644,130.0
200908,-0.34382058530500825,-0.4994208240008784,0.4728439245036705,1.0,0.9502705392332346,3.749479166283091,1.0,2.0,0.030303030303030297,0.0,0.32358398527781285,1.0,1.0,0.16666666666666674,-0.16666666666666663,0.0,3.0,1.6726254461503207,0.0,0.0,2.3561944901925003,1.0881032565832967,100.0
200909,-0.9077083194301451,-0.755702718960671,0.45510933854222435,1.0,0.984250346592314,3.3206354174620327,1.0,2.0,0.03856749311294766,2.0,0.3189506365131719,1.0,1.0,0.0,0.0,6.419766481290787e-35,3.0,1.7201934592198251,0.0,0.0,2.3561944901925003,1.135236850793719,110.0
200910,-0.3705977518924643,-0.5294253598463774,0.5026642549890635,2.0,0.8979457248567797,2.36807821977196,1.0,3.0,0.02203856749311295,2.0,0.3262164060926983,3.0,1.0,-0.16666666666666663,0.16666666666666674,1.444447458290427e-34,3.0,1.6726254461503207,0.0,0.0,1.96349540849375,1.1707392454217915,75.0
200911,0.19835852343501947,0.014426074431637459,0.5511605089066771,1.0,0.7776612957621659,2.2098146367753935,1.0,3.0,0.0303030303030303,0.0,0.3177901333325882,2.0,1.0,0.08333333333333326,0.41666666666666674,1.0271626370065259e-33,3.0,1.8462202193216333,0.0,0.0,1.96349540849375,1.1799680377227033,50.0
200912,-0.09912841198302691,0.08779945061353778,0.7549935088266653,2.0,0.527460083993072,1.0265213782574611,1.0,5.0,0.026666666666666675,0.0,0.268013412080115,1.0,0.5,-0.08333333333333337,0.8333333333333333,5.777789833161708e-34,3.0,1.8462202193216335,0.0,0.0,1.1780972450962501,1.0231842540860077,100.0
201001,-0.11392695481073967,0.0740525206269812,0.852043218460753,2.0,0.5004024235381878,1.166894314141154,1.0,4.0,0.12000000000000002,2.0,0.26929388314074254,1.0,0.5,-0.25,0.6666666666666667,1.0271626370065259e-33,3.0,2.019814992492946,0.0,0.0,1.1780972450962501,1.071298785665238,100.0
201002,2.220446049250313e-16,1.1102230246251565e-16,0.8760508989574376,2.0,0.5274600839930721,1.5148492344798508,0.9090909090909091,3.0,0.06666666666666668,0.0,0.28275935059485147,1.0,0.5,-0.16666666666666663,0.5833333333333333,6.419766481290787e-35,3.0,1.9722469794234416,0.0,0.0,0.7853981633975,1.207369837108865,90.0
201003,0.059897716688107616,-0.13776474838264718,0.8598410085929025,2.0,0.725336481385711,1.4521386755198045,0.9090909090909091,3.0,0.04000000000000001,2.0,0.2457558116824779,1.0,0.5,-0.33333333333333337,0.41666666666666674,2.5679065925163148e-34,3.0,1.8462202193216333,0.0,0.0,0.7853981633975,1.17069010819236,55.0
201004,0.24905837706844935,0.06641556721825315,0.849927895442628,2.0,0.8047189562170501,1.0141274267599185,0.9090909090909091,5.0,0.08333333333333334,0.0,0.20071951102404717,1.0,0.25,-0.41666666666666663,0.33333333333333326,2.5679065925163148e-34,3.0,2.1458417525947544,0.0,0.0,1.1780972450962501,0.9301546433305043,85.0
201005,-0.04716766157751823,-0.04716766157751828,0.9283727589589332,2.0,0.6730116670092563,1.139559426021717,0.9090909090909091,5.0,0.04000000000000001,0.0,0.20655284496094842,1.0,0.5,-0.5833333333333333,0.5,0.0,3.0,2.019814992492946,0.0,0.0,1.1780972450962501,0.91350318430995,90.0
201006,-0.04716766157751823,-0.04716766157751828,0.9877650616618802,2.0,0.5004024235381876,-0.010904874890160031,0.9090909090909091,4.0,0.05333333333333335,0.0,0.24698382895917192,1.0,0.5,-0.75,0.33333333333333326,0.0,3.0,2.0198149924929463,0.0,0.0,1.1780972450962501,0.9368020881834873,25.0
201007,0.4958455388813414,0.6774633816111353,0.6668325270307539,2.0,0.5545177444479562,-0.94419637445589,0.9090909090909091,4.0,0.08000000000000002,0.0,0.26102283378791574,3.0,0.5,-0.5,0.5,2.3111159332646834e-33,3.0,1.8462202193216335,0.0,0.0,1.570796326795,1.09146143751145,100.0
201008,0.7716572380055544,0.6063021155757926,0.5334281877082139,2.0,0.6206868526328017,1.060128901492481,0.9090909090909091,4.0,0.0303030303030303,2.0,0.13876177793775366,2.0,1.0,-0.16666666666666663,0.33333333333333326,1.0271626370065259e-33,3.0,1.6726254461503207,0.0,0.0,1.570796326795,1.2855049341717115,80.0
201009,0.5190571161780486,0.5190571161780486,0.4914514767230447,2.0,0.6206868526328017,1.0936654956259897,0.9090909090909091,4.0,0.013774104683195593,0.0,0.1458797822209848,4.0,1.0,-0.16666666666666669,0.16666666666666674,1.0271626370065259e-33,3.0,2.019814992492946,0.0,0.0,1.96349540849375,1.1706090891708092,50.0
201010,0.71443450831176,0.71443450831176,0.4865301094190663,1.0,0.5545177444479562,1.2672707349815746,0.9090909090909091,4.0,0.05509641873278238,0.0,0.14940385364070619,3.0,1.0,-0.16666666666666663,0.25,6.419766481290787e-35,3.0,1.6417347121875212,0.0,0.0,1.96349540849375,1.1839548011615206,85.0
201011,0.6757373783994862,0.5236964682596019,0.47324323711226146,1.0,0.6137647057286064,1.5957668625889725,0.9090909090909091,4.0,0.03581267217630854,0.0,0.14764832790682547,1.0,1.0,-0.33333333333333337,0.08333333333333326,6.419766481290787e-35,3.0,1.7201934592198251,0.0,0.0,1.96349540849375,1.1160468758624222,85.0
201012,0.5884334305469259,0.42795158585230975,0.5023509258087502,1.0,0.6137647057286062,0.9859363278636983,0.8181818181818182,3.0,0.008264462809917356,0.0,0.15678654192782432,1.0,1.0,-0.5,0.16666666666666674,6.419766481290787e-35,3.0,2.0198149924929463,0.0,0.0,1.96349540849375,1.1958656614274845,55.0
201101,0.7524469885568255,0.5912083481517916,0.4545156888253608,1.0,0.5867070452737221,0.8048382554671449,0.9090909090909091,3.0,0.013774104683195594,0.0,0.36444098618409154,1.0,1.0,-0.33333333333333337,0.25,0.0,3.0,2.019814992492946,0.0,0.0,1.96349540849375,1.0696028294080302,70.0
201102,0.913303466953244,0.7420590668995108,0.4177836739634244,1.0,0.725336481385711,1.0020367421785596,0.9090909090909091,3.0,0.024793388429752067,0.0,0.3724896598149201,1.0,1.0,-0.16666666666666663,0.08333333333333326,5.777789833161708e-34,3.0,1.8462202193216333,0.0,0.0,1.96349540849375,1.1349148481702376,55.0
201103,1.0567689619836251,0.8838431318408502,0.43380851212325705,1.0,0.8116411031212455,1.383963792427396,0.9090909090909091,3.0,0.033057851239669415,0.0,0.3605650856420366,1.0,1.0,-0.08333333333333337,0.16666666666666674,0.0,3.0,1.798652206252129,0.0,0.0,1.96349540849375,1.128892930361971,50.0
201104,1.0588507196927541,0.8886782825992756,0.46919534290352816,1.0,0.8116411031212454,1.0884664463077405,0.9090909090909091,3.0,0.01652892561983471,0.0,0.34849514562269945,1.0,1.0,-0.25,0.5,0.0,3.0,1.9722469794234416,0.0,0.0,1.96349540849375,0.7939379293872104,40.0
201105,1.1822268357258303,1.0185338892407152,0.48332389390804253,1.0,0.7932960961038701,0.9603004467925054,0.9090909090909091,3.0,0.02203856749311295,0.0,0.33335650453726684,1.0,1.0,-0.33333333333333337,0.33333333333333326,0.0,3.0,1.893788232391138,0.0,0.0,1.96349540849375,0.5647106439512152,55.0
201106,0.2305213582693749,-0.17289101870203116,0.5783379256464505,2.0,0.5683620382563468,3.6081603903032597,0.9090909090909091,3.0,0.013774104683195594,2.0,0.13573175559597997,3.0,1.0,-0.16666666666666663,0.16666666666666674,0.0,4.0,2.019814992492946,0.0,0.0,1.96349540849375,0.5861795705554755,60.0
201107,-0.40588178878835207,-0.5700586921184718,0.848065352436869,2.0,0.6206868526328015,-0.24957124272530973,0.9090909090909091,3.0,0.04000000000000001,0.0,0.2531476025827736,1.0,0.5,-0.4166666666666667,0.5,2.3111159332646834e-33,4.0,1.7201934592198254,0.0,0.0,1.1780972450962501,0.7164115577320761,60.0
201108,-0.5844011715377573,-0.43120863142591803,0.7184884655358931,1.0,0.4751352696166173,-0.25106181581103265,0.8181818181818182,3.0,0.16666666666666669,0.0,0.10460436784538725,4.0,0.25,-0.41666666666666663,0.33333333333333326,2.5679065925163148e-34,4.0,1.6726254461503207,0.0,0.0,1.570796326795,0.8913060978196017,40.0
201109,-0.35496478698597694,-0.20283702113484392,0.8051825149677069,2.0,0.6660895201050612,0.2880110083646268,0.8181818181818182,3.0,0.04000000000000001,0.0,0.20975357516802373,1.0,0.5,-0.5833333333333333,0.6666666666666667,6.419766481290787e-33,4.0,2.019814992492946,0.0,0.0,1.1780972450962501,0.8384499009073647,40.0
201110,-0.2833337154032848,-0.5720133499651223,1.1034961532706469,3.0,0.7253364813857112,-0.7830125707522952,0.7272727272727273,3.0,0.16666666666666669,0.0,0.2040019673781975,2.0,0.2,-0.75,0.8333333333333333,1.0271626370065259e-33,4.0,1.893788232391138,0.0,0.0,0.7853981633975,0.7637578912532451,55.0
201111,-0.1468871164899438,0.025545585476512533,0.7341281718852939,3.0,0.725336481385711,-1.196863248354491,0.8181818181818182,3.0,0.07407407407407407,0.0,0.24086465401947973,1.0,0.3333333333333333,-0.6666666666666667,0.6666666666666667,1.0271626370065259e-33,4.0,1.893788232391138,0.0,0.0,1.1780972450962501,0.9831732240208694,35.0
201112,0.1193679381710705,0.28648305161056875,0.7165889448100771,3.0,0.30944817304974387,-0.8114545848727672,0.8181818181818182,4.0,0.04000000000000001,0.0,0.18463818309249977,3.0,0.5,0.16666666666666674,0.5833333333333333,0.0,4.0,2.019814992492946,0.0,0.0,1.1780972450962501,1.18569481462852,25.0
201201,0.6047962853001021,-0.09754778795162955,0.8332170650009291,2.0,0.527460083993072,-0.6318666402956752,0.8181818181818182,4.0,0.04000000000000001,0.0,0.18060315269440652,2.0,0.5,-0.08333333333333337,0.5,0.0,3.0,2.0198149924929463,0.0,0.0,1.570796326795,1.0312101730244942,65.0
201202,-0.27495704131817916,-0.10998281652727188,0.5972307877243704,2.0,0.3094481730497439,2.6914609353774304,0.8181818181818182,4.0,0.011019283746556474,0.0,0.11929432988139721,3.0,1.0,-0.08333333333333337,0.33333333333333326,1.0271626370065259e-33,3.0,2.0198149924929463,0.0,0.0,1.570796326795,1.297779111549786,20.0
201203,0.4232005271979145,-0.35943058474343403,0.498267346389517,1.0,0.8979457248567796,-1.1707185835822926,0.8181818181818182,4.0,0.011019283746556476,0.0,0.1477041068378969,1.0,1.0,-0.16666666666666663,0.6666666666666667,0.0,3.0,1.893788232391138,0.0,0.0,1.96349540849375,1.1863563356747873,60.0
201204,0.9536190607245114,0.20076190752094975,0.45477964232424417,1.0,0.8116411031212455,0.7288048890497585,0.8181818181818182,4.0,0.016528925619834715,0.0,0.3130027073135642,1.0,1.0,-0.08333333333333337,0.5,1.0271626370065259e-33,3.0,1.893788232391138,0.0,0.0,2.3561944901925003,1.2494839194751004,30.0
201205,0.9676113676980114,0.8232715504170927,0.4443691212147548,1.0,0.9502705392332345,-0.08700139675025564,0.8181818181818182,3.0,0.013774104683195593,0.0,0.3074397544279751,6.0,1.0,-0.25,0.5,4.1086505480261036e-33,3.0,2.019814992492946,0.0,0.0,2.3561944901925003,1.2187966197017037,45.0
201206,1.0407240809578489,0.8936060171575246,0.42173622121456594,1.0,1.054920167986144,-0.009529915063986948,0.8181818181818182,2.0,0.013774104683195593,0.0,0.342900945662667,3.0,1.0,-0.16666666666666663,0.33333333333333326,4.1086505480261036e-33,3.0,2.019814992492946,0.0,0.0,2.3561944901925003,1.2208269138482524,30.0
201207,0.2278737044098582,0.07781053321312219,0.38280367501185336,1.0,0.9502705392332346,-0.10113777334236508,0.9090909090909091,2.0,0.02203856749311295,0.0,0.34599580255104406,3.0,1.0,-0.08333333333333337,0.33333333333333326,0.0,3.0,1.8937882323911377,0.0,0.0,2.3561944901925003,1.2544656417391817,15.0
201208,0.3181618988267303,0.4772428482400955,0.4254741270022898,1.0,0.7253364813857112,0.02049509164221317,0.9090909090909091,3.0,0.033057851239669415,0.0,0.3385981205632494,2.0,1.0,0.0,0.5,2.5679065925163148e-34,3.0,1.7986522062521288,0.0,0.0,2.3561944901925003,1.2253708590999253,0.0
201209,0.09554550621862538,0.20846292265881905,0.5689085029456933,1.0,0.5683620382563468,-0.032170204114014826,1.0,2.0,0.03856749311294766,0.0,0.321745204209118,3.0,1.0,-0.16666666666666663,0.5,1.0271626370065259e-33,3.0,1.7201934592198254,0.0,0.0,1.570796326795,1.093533806773676,55.0
201210,1.1117107129194443,0.2997871585400751,0.495023597860744,1.0,0.516037223879892,1.8199844518461277,1.0,2.0,0.03856749311294766,0.0,0.31362394033129226,3.0,1.0,-0.16666666666666663,0.33333333333333326,1.0271626370065259e-33,4.0,1.7201934592198251,0.0,0.0,2.3561944901925003,1.280035351057236,25.0
201211,-0.737544983536412,-0.5693329697474057,0.46650177719782204,1.0,0.706991474368336,1.7835475902976705,1.0,2.0,0.03305785123966942,0.0,0.32555414420310363,3.0,1.0,-0.16666666666666663,0.5,0.0,4.0,1.720193459219825,0.0,0.0,2.3561944901925003,1.2187503538366586,0.0
201212,-0.5242060704741867,-0.3738822708529125,0.5175517657377764,1.0,0.7593162887447905,1.1413438968876202,1.0,2.0,0.03856749311294766,0.0,0.3047192518766891,2.0,1.0,-0.33333333333333337,0.5,4.1086505480261036e-33,4.0,1.7201934592198254,0.0,0.0,1.96349540849375,1.1138719526652918,25.0
201301,-0.5242060704741867,-0.3738822708529125,0.5508085933348852,1.0,0.7593162887447905,0.7061713963009116,1.0,2.0,0.0303030303030303,0.0,0.30415872490187673,1.0,1.0,-0.5,0.5,1.0271626370065259e-33,4.0,1.8462202193216335,0.0,0.0,1.96349540849375,1.0113409379762597,30.0
201302,0.11102889792108173,0.2709105109274397,0.5649351158345954,2.0,0.8910235779525845,2.335871226063842,1.0,5.0,0.027548209366391182,0.0,0.3303669921105319,2.0,1.0,-0.33333333333333337,0.41666666666666674,0.0,4.0,1.8462202193216335,0.0,0.0,1.96349540849375,1.1900309113715173,30.0
201303,0.06719820937484544,0.2284739118744742,0.603151461537936,2.0,0.9956732067054941,1.49358778669607,0.9090909090909091,4.0,0.01652892561983471,0.0,0.106529767367584,2.0,1.0,-0.5,0.25,0.0,4.0,1.9722469794234416,0.0,0.0,1.570796326795,1.2135249759600677,0.0
201304,0.21468438572672255,0.3721196019263193,0.5580743774614647,2.0,0.8317766166719345,1.803828581748553,0.9090909090909091,3.0,0.024793388429752063,0.0,0.11995760484338906,2.0,1.0,-0.33333333333333337,0.33333333333333326,0.0,4.0,1.8462202193216333,0.0,0.0,1.570796326795,1.3661389421842745,45.0
201305,0.13540064007726604,-0.46036217626270437,0.4938441865848012,2.0,0.8910235779525844,2.79466921119477,0.9090909090909091,4.0,0.03305785123966942,0.0,0.28217682762624996,2.0,1.0,-0.16666666666666663,0.16666666666666674,2.5679065925163148e-34,3.0,1.7201934592198251,0.0,0.0,1.570796326795,1.3479751618768931,30.0
201306,0.21468438572672255,0.3721196019263193,0.4779285323349949,2.0,0.6408223661834905,3.3006225112845873,0.9090909090909091,4.0,0.03305785123966942,0.0,0.29716387466712757,2.0,1.0,0.25,0.0,2.5679065925163148e-34,3.0,1.7201934592198251,0.0,0.0,1.96349540849375,1.2649274216982913,15.0
201307,0.2854496128592251,-0.34253953543107013,0.4787448832642572,2.0,0.9433483923290393,3.27315556078578,0.9090909090909091,4.0,0.03305785123966942,0.0,0.2965980824235031,2.0,1.0,0.08333333333333326,-0.16666666666666663,6.419766481290787e-35,3.0,1.7201934592198251,0.0,0.0,1.96349540849375,1.0236905718190803,15.0
201308,0.2854496128592251,-0.34253953543107013,0.4669563635669226,2.0,0.5545177444479562,3.330245483357625,0.8181818181818182,4.0,0.03305785123966942,0.0,0.291628196279023,2.0,1.0,-0.08333333333333337,-0.33333333333333337,6.419766481290787e-35,3.0,1.7201934592198251,0.0,0.0,1.96349540849375,1.0539515645038309,0.0
201309,0.2854496128592251,-0.34253953543107013,0.5815078394675023,2.0,0.6137647057286063,0.45883382215149526,0.8181818181818182,4.0,0.024793388429752063,0.0,0.2618050847619484,2.0,1.0,-0.25,0.16666666666666674,1.6049416203226967e-35,3.0,1.7201934592198251,0.0,0.0,1.570796326795,0.9990736450072878,30.0
201310,0.7626932845763215,0.6078608132713539,0.4987776774857653,1.0,0.8639659174977002,2.4032591659652947,0.8181818181818182,4.0,0.024793388429752063,0.0,0.3018609042475612,2.0,1.0,0.16666666666666674,0.0,1.0271626370065259e-33,3.0,1.7201934592198254,0.0,0.0,1.96349540849375,1.3082341147212317,0.0
201311,-0.02140872096444202,-0.1659175874744247,0.5015171375829818,1.0,0.6206868526328015,1.6799155731785484,0.8181818181818182,4.0,0.046831955922865015,0.0,0.2884390368685261,1.0,1.0,-0.16666666666666663,0.25,1.0271626370065259e-33,3.0,1.4681399390162087,0.0,0.0,1.96349540849375,1.2143409087206907,0.0
201312,-0.02140872096444202,-0.1659175874744247,0.5807040540434586,1.0,0.5867070452737221,1.3035903999754686,0.7272727272727273,3.0,0.046831955922865015,0.0,0.2889415156227393,1.0,1.0,-0.33333333333333337,0.6666666666666667,1.0271626370065259e-33,3.0,1.5941666991180168,0.0,0.0,1.570796326795,1.1674352626987898,0.0
201401,-0.7228825214272001,-0.8613068340409192,0.6277331764127531,1.0,0.47513526961661723,1.1431169041649065,0.6363636363636364,3.0,0.033057851239669415,0.0,0.1577288205354897,6.0,1.0,-0.33333333333333337,0.6666666666666667,0.0,3.0,1.6726254461503207,0.0,0.0,1.570796326795,0.9967689737831803,0.0
201402,-0.5690777296341787,-0.7075020422478979,0.6277331764127959,1.0,0.5274600839930719,1.1431169041649065,0.6363636363636364,5.0,0.019283746556473826,0.0,0.24822784783609256,3.0,1.0,-0.41666666666666663,0.5833333333333333,3.145685575832486e-33,3.0,1.8462202193216335,0.0,0.0,1.570796326795,0.7655984454590846,0.0
201403,-0.42642318733140855,-0.5685642497752114,0.7331102339076654,4.0,0.42281045524016253,1.8565363257966085,0.5454545454545454,5.0,0.16666666666666669,0.0,0.2153464890892741,3.0,0.25,-0.5,0.5,5.777789833161708e-34,3.0,1.7677614722893296,0.0,0.0,1.1780972450962501,0.757427320027946,0.0
201404,-0.42642318733140855,-0.5685642497752114,0.9315460866947639,4.0,0.5245596803193593,-0.23206704072457607,0.45454545454545453,4.0,0.33333333333333337,0.0,0.17706558262846728,3.0,0.16666666666666666,-0.6666666666666667,0.5,5.777789833161708e-34,2.0,1.666332585328325,0.0,0.0,0.7853981633975,0.7647104425679939,0.0
201405,-0.3760699023168052,-0.501426536422407,0.7079750258879571,1.0,0.3617729874261989,-0.3581618117302906,0.36363636363636365,3.0,0.08333333333333334,0.0,0.2559299947984096,2.0,0.2,-0.5,0.41666666666666674,0.0,2.0,1.1685184057430877,0.0,0.0,1.570796326795,0.974996043043569,0.0
201406,-0.20470652628766361,-0.3582364210034113,0.6174200807162886,1.0,0.1864535372794592,-0.3289926315337452,0.2727272727272727,2.0,0.11019283746556473,0.0,0.30286871381413905,6.0,1.0,-0.6666666666666667,0.33333333333333326,0.0,2.0,1.0335620542068176,0.0,0.0,1.96349540849375,1.0235326314383177,0.0
201407,-0.0804399666539844,-0.24131989996195313,0.5582363376667693,1.0,0.3250829733914481,-0.3785410195481618,0.2727272727272727,2.0,0.1460055096418733,0.0,0.3164660811248272,6.0,1.0,-0.6666666666666667,0.25,1.0271626370065259e-33,2.0,0.7595473914748635,0.0,0.0,1.96349540849375,0.6445120541501203,0.0
201408,0.057735026918962595,-0.11547005383792514,0.5754476811404825,1.0,0.0,0.0,0.18181818181818182,2.0,0.20385674931129477,0.0,0.35438377616946554,6.0,1.0,-0.6666666666666667,0.16666666666666674,6.419766481290787e-33,2.0,0.6001660731596457,0.0,0.0,1.570796326795,0.5091750772173155,0.0
201409,0.057735026918962595,-0.11547005383792514,0.6273677726719413,12.0,0.0,-3.7790199437866407,0.09090909090909091,1.0,0.25068870523415976,0.0,0.38072220134518137,6.0,1.0,-0.8333333333333334,0.16666666666666674,6.419766481290787e-33,1.0,0.30463609734923813,0.0,0.0,1.570796326795,0.3849001794597503,0.0
201410,0.0,0.0,0.0,0.0,0.0,0.0,0.0,0.0,0.0,0.0,0.0,0.0,0.0,0.0,0.0,0.0,0.0,0.0,0.0,0.0,0.0,0.0,0.0
201411,0.0,0.0,0.0,0.0,0.0,0.0,0.0,0.0,0.0,0.0,0.0,0.0,0.0,0.0,0.0,0.0,0.0,0.0,0.0,0.0,0.0,0.0,0.0
201412,0.0,0.0,0.0,0.0,0.0,0.0,0.0,0.0,0.0,0.0,0.0,0.0,0.0,0.0,0.0,0.0,0.0,0.0,0.0,0.0,0.0,0.0,0.0
201501,0.0,0.0,0.0,0.0,0.0,0.0,0.0,0.0,0.0,0.0,0.0,0.0,0.0,0.0,0.0,0.0,0.0,0.0,0.0,0.0,0.0,0.0,0.0
201502,0.0,0.0,0.0,0.0,0.0,0.0,0.0,0.0,0.0,0.0,0.0,0.0,0.0,0.0,0.0,0.0,0.0,0.0,0.0,0.0,0.0,0.0,0.0
201503,0.0,0.0,0.0,0.0,0.0,0.0,0.0,0.0,0.0,0.0,0.0,0.0,0.0,0.0,0.0,0.0,0.0,0.0,0.0,0.0,0.0,0.0,0.0
201504,0.0,0.0,0.0,0.0,0.0,0.0,0.0,0.0,0.0,0.0,0.0,0.0,0.0,0.0,0.0,0.0,0.0,0.0,0.0,0.0,0.0,0.0,0.0
201505,0.0,0.0,0.0,0.0,0.0,0.0,0.0,0.0,0.0,0.0,0.0,0.0,0.0,0.0,0.0,0.0,0.0,0.0,0.0,0.0,0.0,0.0,0.0
201506,0.0,0.0,0.0,0.0,0.0,0.0,0.0,0.0,0.0,0.0,0.0,0.0,0.0,0.0,0.0,0.0,0.0,0.0,0.0,0.0,0.0,0.0,0.0
201507,0.0,0.0,0.0,0.0,0.0,0.0,0.0,0.0,0.0,0.0,0.0,0.0,0.0,0.0,0.0,0.0,0.0,0.0,0.0,0.0,0.0,0.0,0.0
201508,0.0,0.0,0.0,0.0,0.0,0.0,0.0,0.0,0.0,0.0,0.0,0.0,0.0,0.0,0.0,0.0,0.0,0.0,0.0,0.0,0.0,0.0,0.0
201509,0.0,0.0,0.0,0.0,0.0,0.0,0.0,0.0,0.0,0.0,0.0,0.0,0.0,0.0,0.0,0.0,0.0,0.0,0.0,0.0,0.0,0.0,0.0
201510,0.0,0.0,0.0,0.0,0.0,0.0,0.0,0.0,0.0,0.0,0.0,0.0,0.0,0.0,0.0,0.0,0.0,0.0,0.0,0.0,0.0,0.0,0.0
201511,0.0,0.0,0.0,0.0,0.0,0.0,0.0,0.0,0.0,0.0,0.0,0.0,0.0,0.0,0.0,0.0,0.0,0.0,0.0,0.0,0.0,0.0,0.0
201512,0.0,0.0,0.0,0.0,0.0,0.0,0.0,0.0,0.0,0.0,0.0,0.0,0.0,0.0,0.0,0.0,0.0,0.0,0.0,0.0,0.0,0.0,0.0
201601,0.0,0.0,0.0,0.0,0.0,0.0,0.0,0.0,0.0,0.0,0.0,0.0,0.0,0.0,0.0,0.0,0.0,0.0,0.0,0.0,0.0,0.0,0.0
201602,0.0,0.0,0.0,0.0,0.0,0.0,0.0,0.0,0.0,0.0,0.0,0.0,0.0,0.0,0.0,0.0,0.0,0.0,0.0,0.0,0.0,0.0,0.0
201603,0.0,0.0,0.0,0.0,0.0,0.0,0.0,0.0,0.0,0.0,0.0,0.0,0.0,0.0,0.0,0.0,0.0,0.0,0.0,0.0,0.0,0.0,0.0
201604,0.0,0.0,0.0,0.0,0.0,0.0,0.0,0.0,0.0,0.0,0.0,0.0,0.0,0.0,0.0,0.0,0.0,0.0,0.0,0.0,0.0,0.0,0.0
201605,0.0,0.0,0.0,0.0,0.0,0.0,0.0,0.0,0.0,0.0,0.0,0.0,0.0,0.0,0.0,0.0,0.0,0.0,0.0,0.0,0.0,0.0,0.0
201606,0.0,0.0,0.0,0.0,0.0,0.0,0.0,0.0,0.0,0.0,0.0,0.0,0.0,0.0,0.0,0.0,0.0,0.0,0.0,0.0,0.0,0.0,0.0
201607,0.0,0.0,0.0,0.0,0.0,0.0,0.0,0.0,0.0,0.0,0.0,0.0,0.0,0.0,0.0,0.0,0.0,0.0,0.0,0.0,0.0,0.0,0.0
201608,0.0,0.0,0.0,0.0,0.0,0.0,0.0,0.0,0.0,0.0,0.0,0.0,0.0,0.0,0.0,0.0,0.0,0.0,0.0,0.0,0.0,0.0,0.0
201609,0.0,0.0,0.0,0.0,0.0,0.0,0.0,0.0,0.0,0.0,0.0,0.0,0.0,0.0,0.0,0.0,0.0,0.0,0.0,0.0,0.0,0.0,0.0
201610,0.0,0.0,0.0,0.0,0.0,0.0,0.0,0.0,0.0,0.0,0.0,0.0,0.0,0.0,0.0,0.0,0.0,0.0,0.0,0.0,0.0,0.0,0.0
201611,0.0,0.0,0.0,0.0,0.0,0.0,0.0,0.0,0.0,0.0,0.0,0.0,0.0,0.0,0.0,0.0,0.0,0.0,0.0,0.0,0.0,0.0,0.0
201612,0.0,0.0,0.0,0.0,0.0,0.0,0.0,0.0,0.0,0.0,0.0,0.0,0.0,0.0,0.0,0.0,0.0,0.0,0.0,0.0,0.0,0.0,0.0
201701,0.0,0.0,0.0,0.0,0.0,0.0,0.0,0.0,0.0,0.0,0.0,0.0,0.0,0.0,0.0,0.0,0.0,0.0,0.0,0.0,0.0,0.0,0.0
201702,0.0,0.0,0.0,0.0,0.0,0.0,0.0,0.0,0.0,0.0,0.0,0.0,0.0,0.0,0.0,0.0,0.0,0.0,0.0,0.0,0.0,0.0,0.0
201703,0.0,0.0,0.0,0.0,0.0,0.0,0.0,0.0,0.0,0.0,0.0,0.0,0.0,0.0,0.0,0.0,0.0,0.0,0.0,0.0,0.0,0.0,0.0
201704,0.0,0.0,0.0,0.0,0.0,0.0,0.0,0.0,0.0,0.0,0.0,0.0,0.0,0.0,0.0,0.0,0.0,0.0,0.0,0.0,0.0,0.0,0.0
201705,0.0,0.0,0.0,0.0,0.0,0.0,0.0,0.0,0.0,0.0,0.0,0.0,0.0,0.0,0.0,0.0,0.0,0.0,0.0,0.0,0.0,0.0,0.0
201706,0.0,0.0,0.0,0.0,0.0,0.0,0.0,0.0,0.0,0.0,0.0,0.0,0.0,0.0,0.0,0.0,0.0,0.0,0.0,0.0,0.0,0.0,0.0
201707,0.0,0.0,0.0,0.0,0.0,0.0,0.0,0.0,0.0,0.0,0.0,0.0,0.0,0.0,0.0,0.0,0.0,0.0,0.0,0.0,0.0,0.0,0.0
201708,0.0,0.0,0.0,0.0,0.0,0.0,0.0,0.0,0.0,0.0,0.0,0.0,0.0,0.0,0.0,0.0,0.0,0.0,0.0,0.0,0.0,0.0,0.0
201709,0.0,0.0,0.0,0.0,0.0,0.0,0.0,0.0,0.0,0.0,0.0,0.0,0.0,0.0,0.0,0.0,0.0,0.0,0.0,0.0,0.0,0.0,0.0
201710,0.0,0.0,0.0,0.0,0.0,0.0,0.0,0.0,0.0,0.0,0.0,0.0,0.0,0.0,0.0,0.0,0.0,0.0,0.0,0.0,0.0,0.0,0.0
201711,0.0,0.0,0.0,0.0,0.0,0.0,0.0,0.0,0.0,0.0,0.0,0.0,0.0,0.0,0.0,0.0,0.0,0.0,0.0,0.0,0.0,0.0,0.0
201712,0.0,0.0,0.0,0.0,0.0,0.0,0.0,0.0,0.0,0.0,0.0,0.0,0.0,0.0,0.0,0.0,0.0,0.0,0.0,0.0,0.0,0.0,0.0
201801,0.0,0.0,0.0,0.0,0.0,0.0,0.0,0.0,0.0,0.0,0.0,0.0,0.0,0.0,0.0,0.0,0.0,0.0,0.0,0.0,0.0,0.0,0.0
201802,0.0,0.0,0.0,0.0,0.0,0.0,0.0,0.0,0.0,0.0,0.0,0.0,0.0,0.0,0.0,0.0,0.0,0.0,0.0,0.0,0.0,0.0,0.0
201803,0.0,0.0,0.0,0.0,0.0,0.0,0.0,0.0,0.0,0.0,0.0,0.0,0.0,0.0,0.0,0.0,0.0,0.0,0.0,0.0,0.0,0.0,0.0
201804,0.0,0.0,0.0,0.0,0.0,0.0,0.0,0.0,0.0,0.0,0.0,0.0,0.0,0.0,0.0,0.0,0.0,0.0,0.0,0.0,0.0,0.0,0.0
201805,0.0,0.0,0.0,0.0,0.0,0.0,0.0,0.0,0.0,0.0,0.0,0.0,0.0,0.0,0.0,0.0,0.0,0.0,0.0,0.0,0.0,0.0,0.0
201806,0.0,0.0,0.0,0.0,0.0,0.0,0.0,0.0,0.0,0.0,0.0,0.0,0.0,0.0,0.0,0.0,0.0,0.0,0.0,0.0,0.0,0.0,0.0
201807,0.0,0.0,0.0,0.0,0.0,0.0,0.0,0.0,0.0,0.0,0.0,0.0,0.0,0.0,0.0,0.0,0.0,0.0,0.0,0.0,0.0,0.0,0.0
201808,0.0,0.0,0.0,0.0,0.0,0.0,0.0,0.0,0.0,0.0,0.0,0.0,0.0,0.0,0.0,0.0,0.0,0.0,0.0,0.0,0.0,0.0,0.0
201809,0.0,0.0,0.0,0.0,0.0,0.0,0.0,0.0,0.0,0.0,0.0,0.0,0.0,0.0,0.0,0.0,0.0,0.0,0.0,0.0,0.0,0.0,0.0
201810,0.0,0.0,0.0,0.0,0.0,0.0,0.0,0.0,0.0,0.0,0.0,0.0,0.0,0.0,0.0,0.0,0.0,0.0,0.0,0.0,0.0,0.0,0.0
201811,0.0,0.0,0.0,0.0,0.0,0.0,0.0,0.0,0.0,0.0,0.0,0.0,0.0,0.0,0.0,0.0,0.0,0.0,0.0,0.0,0.0,0.0,0.0
201812,0.0,0.0,0.0,0.0,0.0,0.0,0.0,0.0,0.0,0.0,0.0,0.0,0.0,0.0,0.0,0.0,0.0,0.0,0.0,0.0,0.0,0.0,0.0
201901,0.0,0.0,0.0,0.0,0.0,0.0,0.0,0.0,0.0,0.0,0.0,0.0,0.0,0.0,0.0,0.0,0.0,0.0,0.0,0.0,0.0,0.0,0.0
201902,0.0,0.0,0.0,0.0,0.0,0.0,0.0,0.0,0.0,0.0,0.0,0.0,0.0,0.0,0.0,0.0,0.0,0.0,0.0,0.0,0.0,0.0,0.0
201903,0.0,0.0,0.0,0.0,0.0,0.0,0.0,0.0,0.0,0.0,0.0,0.0,0.0,0.0,0.0,0.0,0.0,0.0,0.0,0.0,0.0,0.0,0.0
201904,0.0,0.0,0.0,0.0,0.0,0.0,0.0,0.0,0.0,0.0,0.0,0.0,0.0,0.0,0.0,0.0,0.0,0.0,0.0,0.0,0.0,0.0,0.0
201905,0.0,0.0,0.0,0.0,0.0,0.0,0.0,0.0,0.0,0.0,0.0,0.0,0.0,0.0,0.0,0.0,0.0,0.0,0.0,0.0,0.0,0.0,0.0
201906,0.0,0.0,0.0,0.0,0.0,0.0,0.0,0.0,0.0,0.0,0.0,0.0,0.0,0.0,0.0,0.0,0.0,0.0,0.0,0.0,0.0,0.0,0.0
201907,0.0,0.0,0.0,0.0,0.0,0.0,0.0,0.0,0.0,0.0,0.0,0.0,0.0,0.0,0.0,0.0,0.0,0.0,0.0,0.0,0.0,0.0,0.0
201908,0.0,0.0,0.0,0.0,0.0,0.0,0.0,0.0,0.0,0.0,0.0,0.0,0.0,0.0,0.0,0.0,0.0,0.0,0.0,0.0,0.0,0.0,0.0
201909,0.0,0.0,0.0,0.0,0.0,0.0,0.0,0.0,0.0,0.0,0.0,0.0,0.0,0.0,0.0,0.0,0.0,0.0,0.0,0.0,0.0,0.0,0.0
201910,0.0,0.0,0.0,0.0,0.0,0.0,0.0,0.0,0.0,0.0,0.0,0.0,0.0,0.0,0.0,0.0,0.0,0.0,0.0,0.0,0.0,0.0,0.0
201911,0.0,0.0,0.0,0.0,0.0,0.0,0.0,0.0,0.0,0.0,0.0,0.0,0.0,0.0,0.0,0.0,0.0,0.0,0.0,0.0,0.0,0.0,0.0
201912,0.0,0.0,0.0,0.0,0.0,0.0,0.0,0.0,0.0,0.0,0.0,0.0,0.0,0.0,0.0,0.0,0.0,0.0,0.0,0.0,0.0,0.0,0.0
202001,0.0,0.0,0.0,0.0,0.0,0.0,0.0,0.0,0.0,0.0,0.0,0.0,0.0,0.0,0.0,0.0,0.0,0.0,0.0,0.0,0.0,0.0,0.0
202002,0.0,0.0,0.0,0.0,0.0,0.0,0.0,0.0,0.0,0.0,0.0,0.0,0.0,0.0,0.0,0.0,0.0,0.0,0.0,0.0,0.0,0.0,0.0
202003,0.0,0.0,0.0,0.0,0.0,0.0,0.0,0.0,0.0,0.0,0.0,0.0,0.0,0.0,0.0,0.0,0.0,0.0,0.0,0.0,0.0,0.0,0.0
202004,0.0,0.0,0.0,0.0,0.0,0.0,0.0,0.0,0.0,0.0,0.0,0.0,0.0,0.0,0.0,0.0,0.0,0.0,0.0,0.0,0.0,0.0,0.0
202005,0.0,0.0,0.0,0.0,0.0,0.0,0.0,0.0,0.0,0.0,0.0,0.0,0.0,0.0,0.0,0.0,0.0,0.0,0.0,0.0,0.0,0.0,0.0
202006,0.0,0.0,0.0,0.0,0.0,0.0,0.0,0.0,0.0,0.0,0.0,0.0,0.0,0.0,0.0,0.0,0.0,0.0,0.0,0.0,0.0,0.0,0.0
202007,0.0,0.0,0.0,0.0,0.0,0.0,0.0,0.0,0.0,0.0,0.0,0.0,0.0,0.0,0.0,0.0,0.0,0.0,0.0,0.0,0.0,0.0,0.0
202008,0.0,0.0,0.0,0.0,0.0,0.0,0.0,0.0,0.0,0.0,0.0,0.0,0.0,0.0,0.0,0.0,0.0,0.0,0.0,0.0,0.0,0.0,0.0
202009,0.0,0.0,0.0,0.0,0.0,0.0,0.0,0.0,0.0,0.0,0.0,0.0,0.0,0.0,0.0,0.0,0.0,0.0,0.0,0.0,0.0,0.0,0.0
202010,0.0,0.0,0.0,0.0,0.0,0.0,0.0,0.0,0.0,0.0,0.0,0.0,0.0,0.0,0.0,0.0,0.0,0.0,0.0,0.0,0.0,0.0,0.0
202011,0.0,0.0,0.0,0.0,0.0,0.0,0.0,0.0,0.0,0.0,0.0,0.0,0.0,0.0,0.0,0.0,0.0,0.0,0.0,0.0,0.0,0.0,0.0
202012,0.0,0.0,0.0,0.0,0.0,0.0,0.0,0.0,0.0,0.0,0.0,0.0,0.0,0.0,0.0,0.0,0.0,0.0,0.0,0.0,0.0,0.0,0.0
202101,0.0,0.0,0.0,0.0,0.0,0.0,0.0,0.0,0.0,0.0,0.0,0.0,0.0,0.0,0.0,0.0,0.0,0.0,0.0,0.0,0.0,0.0,0.0
202102,0.0,0.0,0.0,0.0,0.0,0.0,0.0,0.0,0.0,0.0,0.0,0.0,0.0,0.0,0.0,0.0,0.0,0.0,0.0,0.0,0.0,0.0,0.0
202103,0.0,0.0,0.0,0.0,0.0,0.0,0.0,0.0,0.0,0.0,0.0,0.0,0.0,0.0,0.0,0.0,0.0,0.0,0.0,0.0,0.0,0.0,0.0
202104,0.0,0.0,0.0,0.0,0.0,0.0,0.0,0.0,0.0,0.0,0.0,0.0,0.0,0.0,0.0,0.0,0.0,0.0,0.0,0.0,0.0,0.0,0.0
202105,0.0,0.0,0.0,0.0,0.0,0.0,0.0,0.0,0.0,0.0,0.0,0.0,0.0,0.0,0.0,0.0,0.0,0.0,0.0,0.0,0.0,0.0,0.0
202106,0.0,0.0,0.0,0.0,0.0,0.0,0.0,0.0,0.0,0.0,0.0,0.0,0.0,0.0,0.0,0.0,0.0,0.0,0.0,0.0,0.0,0.0,0.0
202107,0.0,0.0,0.0,0.0,0.0,0.0,0.0,0.0,0.0,0.0,0.0,0.0,0.0,0.0,0.0,0.0,0.0,0.0,0.0,0.0,0.0,0.0,0.0
202108,0.0,0.0,0.0,0.0,0.0,0.0,0.0,0.0,0.0,0.0,0.0,0.0,0.0,0.0,0.0,0.0,0.0,0.0,0.0,0.0,0.0,0.0,0.0
202109,0.0,0.0,0.0,0.0,0.0,0.0,0.0,0.0,0.0,0.0,0.0,0.0,0.0,0.0,0.0,0.0,0.0,0.0,0.0,0.0,0.0,0.0,0.0
202110,0.0,0.0,0.0,0.0,0.0,0.0,0.0,0.0,0.0,0.0,0.0,0.0,0.0,0.0,0.0,0.0,0.0,0.0,0.0,0.0,0.0,0.0,0.0
202111,0.0,0.0,0.0,0.0,0.0,0.0,0.0,0.0,0.0,0.0,0.0,0.0,0.0,0.0,0.0,0.0,0.0,0.0,0.0,0.0,0.0,0.0,0.0
202112,0.0,0.0,0.0,0.0,0.0,0.0,0.0,0.0,0.0,0.0,0.0,0.0,0.0,0.0,0.0,0.0,0.0,0.0,0.0,0.0,0.0,0.0,0.0
202201,0.0,0.0,0.0,0.0,0.0,0.0,0.0,0.0,0.0,0.0,0.0,0.0,0.0,0.0,0.0,0.0,0.0,0.0,0.0,0.0,0.0,0.0,0.0
202202,0.0,0.0,0.0,0.0,0.0,0.0,0.0,0.0,0.0,0.0,0.0,0.0,0.0,0.0,0.0,0.0,0.0,0.0,0.0,0.0,0.0,0.0,0.0
202203,0.0,0.0,0.0,0.0,0.0,0.0,0.0,0.0,0.0,0.0,0.0,0.0,0.0,0.0,0.0,0.0,0.0,0.0,0.0,0.0,0.0,0.0,0.0
202204,0.0,0.0,0.0,0.0,0.0,0.0,0.0,0.0,0.0,0.0,0.0,0.0,0.0,0.0,0.0,0.0,0.0,0.0,0.0,0.0,0.0,0.0,0.0
202205,0.0,0.0,0.0,0.0,0.0,0.0,0.0,0.0,0.0,0.0,0.0,0.0,0.0,0.0,0.0,0.0,0.0,0.0,0.0,0.0,0.0,0.0,0.0
202206,0.0,0.0,0.0,0.0,0.0,0.0,0.0,0.0,0.0,0.0,0.0,0.0,0.0,0.0,0.0,0.0,0.0,0.0,0.0,0.0,0.0,0.0,0.0
202207,0.0,0.0,0.0,0.0,0.0,0.0,0.0,0.0,0.0,0.0,0.0,0.0,0.0,0.0,0.0,0.0,0.0,0.0,0.0,0.0,0.0,0.0,0.0
202208,0.0,0.0,0.0,0.0,0.0,0.0,0.0,0.0,0.0,0.0,0.0,0.0,0.0,0.0,0.0,0.0,0.0,0.0,0.0,0.0,0.0,0.0,0.0
202209,0.0,0.0,0.0,0.0,0.0,0.0,0.0,0.0,0.0,0.0,0.0,0.0,0.0,0.0,0.0,0.0,0.0,0.0,0.0,0.0,0.0,0.0,0.0
202210,0.0,0.0,0.0,0.0,0.0,0.0,0.0,0.0,0.0,0.0,0.0,0.0,0.0,0.0,0.0,0.0,0.0,0.0,0.0,0.0,0.0,0.0,0.0
202211,0.0,0.0,0.0,0.0,0.0,0.0,0.0,0.0,0.0,0.0,0.0,0.0,0.0,0.0,0.0,0.0,0.0,0.0,0.0,0.0,0.0,0.0,0.0
202212,0.0,0.0,0.0,0.0,0.0,0.0,0.0,0.0,0.0,0.0,0.0,0.0,0.0,0.0,0.0,0.0,0.0,0.0,0.0,0.0,0.0,0.0,0.0
202301,0.0,0.0,0.0,0.0,0.0,0.0,0.0,0.0,0.0,0.0,0.0,0.0,0.0,0.0,0.0,0.0,0.0,0.0,0.0,0.0,0.0,0.0,0.0
202302,0.0,0.0,0.0,0.0,0.0,0.0,0.0,0.0,0.0,0.0,0.0,0.0,0.0,0.0,0.0,0.0,0.0,0.0,0.0,0.0,0.0,0.0,0.0
202303,0.0,0.0,0.0,0.0,0.0,0.0,0.0,0.0,0.0,0.0,0.0,0.0,0.0,0.0,0.0,0.0,0.0,0.0,0.0,0.0,0.0,0.0,0.0
202304,0.0,0.0,0.0,0.0,0.0,0.0,0.0,0.0,0.0,0.0,0.0,0.0,0.0,0.0,0.0,0.0,0.0,0.0,0.0,0.0,0.0,0.0,0.0
202305,0.0,0.0,0.0,0.0,0.0,0.0,0.0,0.0,0.0,0.0,0.0,0.0,0.0,0.0,0.0,0.0,0.0,0.0,0.0,0.0,0.0,0.0,0.0
202306,0.0,0.0,0.0,0.0,0.0,0.0,0.0,0.0,0.0,0.0,0.0,0.0,0.0,0.0,0.0,0.0,0.0,0.0,0.0,0.0,0.0,0.0,0.0
202307,0.0,0.0,0.0,0.0,0.0,0.0,0.0,0.0,0.0,0.0,0.0,0.0,0.0,0.0,0.0,0.0,0.0,0.0,0.0,0.0,0.0,0.0,0.0
202308,0.0,0.0,0.0,0.0,0.0,0.0,0.0,0.0,0.0,0.0,0.0,0.0,0.0,0.0,0.0,0.0,0.0,0.0,0.0,0.0,0.0,0.0,0.0
202309,0.0,0.0,0.0,0.0,0.0,0.0,0.0,0.0,0.0,0.0,0.0,0.0,0.0,0.0,0.0,0.0,0.0,0.0,0.0,0.0,0.0,0.0,0.0
202310,0.0,0.0,0.0,0.0,0.0,0.0,0.0,0.0,0.0,0.0,0.0,0.0,0.0,0.0,0.0,0.0,0.0,0.0,0.0,0.0,0.0,0.0,0.0
202311,0.0,0.0,0.0,0.0,0.0,0.0,0.0,0.0,0.0,0.0,0.0,0.0,0.0,0.0,0.0,0.0,0.0,0.0,0.0,0.0,0.0,0.0,0.0
202312,0.0,0.0,0.0,0.0,0.0,0.0,0.0,0.0,0.0,0.0,0.0,0.0,0.0,0.0,0.0,0.0,0.0,0.0,0.0,0.0,0.0,0.0,0.0
202401,0.0,0.0,0.0,0.0,0.0,0.0,0.0,0.0,0.0,0.0,0.0,0.0,0.0,0.0,0.0,0.0,0.0,0.0,0.0,0.0,0.0,0.0,0.0
202402,0.0,0.0,0.0,0.0,0.0,0.0,0.0,0.0,0.0,0.0,0.0,0.0,0.0,0.0,0.0,0.0,0.0,0.0,0.0,0.0,0.0,0.0,0.0
